,OPP,Result,MIN,FG%,3P%,FT%,REB,AST,BLK,STL,PF,TO,PTS,FGM,FGA,3PM,3PA,FTM,FTA,type,Date,season_id,player_id,player_name,team
5,NO,W117-97,27.0,33.3,0.0,0.0,1.0,0.0,1.0,4.0,0.0,1.0,2.0,1.0,3.0,0.0,1.0,0.0,0.0,away,2021-10-18,2021,3907498,MatisseThybulle,phi
0,HOU,W133-113,2.0,100.0,0.0,0.0,0.0,0.0,0.0,0.0,1.0,0.0,2.0,1.0,1.0,0.0,0.0,0.0,0.0,home,2022-01-03,2021,4397886,CharlesBassey,phi
0,WSH,W117-96,6.0,0.0,0.0,0.0,1.0,2.0,0.0,0.0,1.0,2.0,0.0,0.0,1.0,0.0,0.0,0.0,0.0,away,2021-12-26,2021,4397886,CharlesBassey,phi
1,ATL,L98-96,12.0,100.0,0.0,100.0,8.0,1.0,1.0,1.0,1.0,0.0,8.0,3.0,3.0,0.0,0.0,2.0,2.0,home,2021-12-23,2021,4397886,CharlesBassey,phi
2,BOS,W108-103,8.0,0.0,0.0,0.0,3.0,1.0,0.0,0.0,4.0,1.0,0.0,0.0,0.0,0.0,0.0,0.0,0.0,away,2021-12-20,2021,4397886,CharlesBassey,phi
3,MEM,L126-91,22.0,60.0,0.0,50.0,10.0,0.0,4.0,0.0,6.0,0.0,13.0,6.0,10.0,0.0,0.0,1.0,2.0,away,2021-12-13,2021,4397886,CharlesBassey,phi
4,UTAH,L118-96,5.0,100.0,0.0,0.0,0.0,0.0,1.0,1.0,0.0,1.0,4.0,2.0,2.0,0.0,0.0,0.0,0.0,home,2021-12-09,2021,4397886,CharlesBassey,phi
0,GS,L116-96,8.0,0.0,0.0,0.0,1.0,0.0,0.0,0.0,0.0,1.0,0.0,0.0,0.0,0.0,0.0,0.0,0.0,away,2021-11-24,2021,4397886,CharlesBassey,phi
1,SAC,W102-94,15.0,50.0,0.0,0.0,7.0,1.0,0.0,0.0,4.0,2.0,2.0,1.0,2.0,0.0,0.0,0.0,0.0,away,2021-11-22,2021,4397886,CharlesBassey,phi
2,POR,L118-111,14.0,100.0,0.0,100.0,6.0,0.0,1.0,0.0,2.0,0.0,6.0,2.0,2.0,0.0,0.0,2.0,2.0,away,2021-11-20,2021,4397886,CharlesBassey,phi
3,DEN,W103-89,19.0,71.4,0.0,66.7,7.0,0.0,3.0,1.0,3.0,0.0,12.0,5.0,7.0,0.0,1.0,2.0,3.0,away,2021-11-18,2021,4397886,CharlesBassey,phi
4,UTAH,L120-85,9.0,100.0,0.0,50.0,4.0,0.0,1.0,0.0,0.0,0.0,5.0,2.0,2.0,0.0,0.0,1.0,2.0,away,2021-11-16,2021,4397886,CharlesBassey,phi
5,IND,L118-113,4.0,0.0,0.0,0.0,1.0,1.0,0.0,0.0,1.0,0.0,0.0,0.0,0.0,0.0,0.0,0.0,0.0,away,2021-11-13,2021,4397886,CharlesBassey,phi
6,MIL,L118-109,5.0,0.0,0.0,0.0,1.0,0.0,2.0,0.0,0.0,0.0,0.0,0.0,2.0,0.0,1.0,0.0,0.0,home,2021-11-09,2021,4397886,CharlesBassey,phi
0,ATL,W122-94,3.0,0.0,0.0,0.0,0.0,0.0,0.0,0.0,1.0,0.0,0.0,0.0,0.0,0.0,0.0,0.0,0.0,home,2021-10-30,2021,4397886,CharlesBassey,phi
1,NY,L112-99,1.0,100.0,0.0,0.0,0.0,0.0,0.0,0.0,0.0,0.0,2.0,1.0,1.0,0.0,0.0,0.0,0.0,away,2021-10-26,2021,4397886,CharlesBassey,phi
2,NO,W117-97,2.0,50.0,0.0,0.0,2.0,0.0,0.0,0.0,0.0,0.0,2.0,1.0,2.0,0.0,1.0,0.0,0.0,away,2021-10-20,2021,4397886,CharlesBassey,phi
0,SAC,W112-96,2.0,0.0,0.0,0.0,0.0,0.0,1.0,0.0,0.0,0.0,0.0,0.0,1.0,0.0,1.0,0.0,0.0,away,2021-12-31,2021,4066508,CharlieBrown Jr.,phi
1,POR,W132-117,6.0,0.0,0.0,0.0,0.0,0.0,0.0,0.0,1.0,0.0,0.0,0.0,0.0,0.0,0.0,0.0,0.0,away,2021-12-27,2021,4066508,CharlieBrown Jr.,phi
2,UTAH,L120-116,8.0,25.0,0.0,0.0,1.0,1.0,0.0,2.0,1.0,0.0,2.0,1.0,4.0,0.0,2.0,0.0,0.0,away,2021-12-25,2021,4066508,CharlieBrown Jr.,phi
0,ORL,W116-106,42.0,61.5,60.0,50.0,7.0,12.0,0.0,1.0,2.0,4.0,20.0,8.0,13.0,3.0,5.0,1.0,2.0,away,2022-01-05,2021,2326307,SethCurry,phi
1,HOU,W133-113,30.0,46.2,37.5,0.0,5.0,5.0,0.0,0.0,2.0,3.0,15.0,6.0,13.0,3.0,8.0,0.0,0.0,home,2022-01-03,2021,2326307,SethCurry,phi
0,BKN,W110-102,34.0,46.2,33.3,100.0,3.0,6.0,0.0,2.0,0.0,2.0,17.0,6.0,13.0,2.0,6.0,3.0,3.0,away,2021-12-30,2021,2326307,SethCurry,phi
1,TOR,W114-109,34.0,37.5,50.0,100.0,4.0,5.0,0.0,0.0,2.0,0.0,12.0,3.0,8.0,2.0,4.0,4.0,4.0,away,2021-12-28,2021,2326307,SethCurry,phi
2,WSH,W117-96,35.0,28.6,37.5,0.0,5.0,9.0,0.0,0.0,2.0,3.0,11.0,4.0,14.0,3.0,8.0,0.0,0.0,away,2021-12-26,2021,2326307,SethCurry,phi
3,ATL,L98-96,37.0,55.6,100.0,0.0,1.0,5.0,0.0,1.0,2.0,3.0,12.0,5.0,9.0,2.0,2.0,0.0,0.0,home,2021-12-23,2021,2326307,SethCurry,phi
4,BOS,W108-103,40.0,71.4,100.0,100.0,4.0,7.0,0.0,1.0,1.0,4.0,26.0,10.0,14.0,3.0,3.0,3.0,3.0,away,2021-12-20,2021,2326307,SethCurry,phi
5,BKN,L114-105,39.0,61.9,33.3,0.0,3.0,4.0,0.0,1.0,3.0,1.0,29.0,13.0,21.0,3.0,9.0,0.0,0.0,away,2021-12-16,2021,2326307,SethCurry,phi
6,MIA,L101-96,33.0,42.9,25.0,0.0,2.0,4.0,1.0,0.0,4.0,1.0,7.0,3.0,7.0,1.0,4.0,0.0,1.0,home,2021-12-15,2021,2326307,SethCurry,phi
7,GS,W102-93,35.0,55.6,0.0,0.0,5.0,2.0,1.0,1.0,2.0,2.0,10.0,5.0,9.0,0.0,3.0,0.0,0.0,home,2021-12-11,2021,2326307,SethCurry,phi
8,UTAH,L118-96,33.0,58.3,33.3,100.0,2.0,4.0,0.0,0.0,5.0,1.0,18.0,7.0,12.0,2.0,6.0,2.0,2.0,home,2021-12-09,2021,2326307,SethCurry,phi
9,CHA,W110-106,35.0,57.1,50.0,75.0,4.0,8.0,0.0,1.0,0.0,1.0,23.0,8.0,14.0,4.0,8.0,3.0,4.0,away,2021-12-08,2021,2326307,SethCurry,phi
10,CHA,W127-124 OT,41.0,27.3,0.0,0.0,4.0,2.0,1.0,1.0,2.0,4.0,6.0,3.0,11.0,0.0,6.0,0.0,1.0,away,2021-12-06,2021,2326307,SethCurry,phi
11,ATL,W98-96,33.0,50.0,50.0,66.7,3.0,5.0,0.0,1.0,3.0,1.0,18.0,7.0,14.0,2.0,4.0,2.0,3.0,away,2021-12-03,2021,2326307,SethCurry,phi
12,BOS,L88-87,36.0,53.8,66.7,100.0,0.0,6.0,0.0,1.0,5.0,2.0,17.0,7.0,13.0,2.0,3.0,1.0,1.0,away,2021-12-01,2021,2326307,SethCurry,phi
0,ORL,W101-96,33.0,76.9,60.0,100.0,2.0,1.0,0.0,2.0,1.0,0.0,24.0,10.0,13.0,3.0,5.0,1.0,1.0,home,2021-11-29,2021,2326307,SethCurry,phi
1,MIN,L121-120 2OT,46.0,36.4,37.5,75.0,3.0,1.0,0.0,0.0,5.0,1.0,14.0,4.0,11.0,3.0,8.0,3.0,4.0,home,2021-11-27,2021,2326307,SethCurry,phi
2,GS,L116-96,33.0,50.0,0.0,100.0,1.0,0.0,0.0,2.0,4.0,1.0,24.0,8.0,16.0,0.0,5.0,8.0,8.0,away,2021-11-24,2021,2326307,SethCurry,phi
3,POR,L118-111,33.0,30.0,33.3,66.7,2.0,3.0,0.0,1.0,5.0,3.0,10.0,3.0,10.0,2.0,6.0,2.0,3.0,away,2021-11-20,2021,2326307,SethCurry,phi
4,DEN,W103-89,38.0,47.1,25.0,100.0,6.0,5.0,0.0,1.0,3.0,2.0,20.0,8.0,17.0,2.0,8.0,2.0,2.0,away,2021-11-18,2021,2326307,SethCurry,phi
5,UTAH,L120-85,25.0,12.5,33.3,100.0,1.0,2.0,0.0,2.0,4.0,1.0,5.0,1.0,8.0,1.0,3.0,2.0,2.0,away,2021-11-16,2021,2326307,SethCurry,phi
6,IND,L118-113,33.0,30.0,40.0,100.0,4.0,5.0,0.0,1.0,3.0,3.0,11.0,3.0,10.0,2.0,5.0,3.0,3.0,away,2021-11-13,2021,2326307,SethCurry,phi
7,TOR,L115-109,36.0,33.3,40.0,100.0,6.0,4.0,0.0,1.0,0.0,2.0,15.0,4.0,12.0,2.0,5.0,5.0,5.0,home,2021-11-11,2021,2326307,SethCurry,phi
8,NY,L103-96,41.0,40.0,33.3,100.0,4.0,6.0,0.0,1.0,5.0,3.0,14.0,4.0,10.0,2.0,6.0,4.0,4.0,home,2021-11-08,2021,2326307,SethCurry,phi
9,CHI,W114-105,33.0,45.5,0.0,100.0,1.0,1.0,0.0,1.0,1.0,2.0,11.0,5.0,11.0,0.0,3.0,1.0,1.0,away,2021-11-06,2021,2326307,SethCurry,phi
10,DET,W109-98,37.0,64.3,50.0,100.0,0.0,2.0,0.0,0.0,1.0,3.0,23.0,9.0,14.0,4.0,8.0,1.0,1.0,away,2021-11-04,2021,2326307,SethCurry,phi
11,CHI,W103-98,34.0,64.3,50.0,100.0,5.0,3.0,0.0,1.0,1.0,3.0,22.0,9.0,14.0,2.0,4.0,2.0,2.0,home,2021-11-03,2021,2326307,SethCurry,phi
12,POR,W113-103,34.0,58.8,30.0,0.0,6.0,5.0,0.0,0.0,1.0,1.0,23.0,10.0,17.0,3.0,10.0,0.0,0.0,home,2021-11-01,2021,2326307,SethCurry,phi
0,ATL,W122-94,29.0,55.6,50.0,100.0,0.0,1.0,0.0,1.0,3.0,0.0,15.0,5.0,9.0,2.0,4.0,3.0,3.0,home,2021-10-30,2021,2326307,SethCurry,phi
1,DET,W110-102,32.0,57.1,100.0,100.0,5.0,0.0,0.0,0.0,1.0,1.0,12.0,4.0,7.0,2.0,2.0,2.0,2.0,home,2021-10-28,2021,2326307,SethCurry,phi
2,NY,L112-99,30.0,33.3,0.0,0.0,2.0,1.0,0.0,0.0,1.0,3.0,4.0,2.0,6.0,0.0,4.0,0.0,0.0,away,2021-10-26,2021,2326307,SethCurry,phi
3,OKC,W115-103,34.0,60.0,70.0,75.0,3.0,3.0,0.0,1.0,2.0,0.0,28.0,9.0,15.0,7.0,10.0,3.0,4.0,away,2021-10-24,2021,2326307,SethCurry,phi
4,BKN,L114-109,36.0,75.0,100.0,50.0,4.0,0.0,2.0,1.0,1.0,0.0,23.0,9.0,12.0,4.0,4.0,1.0,2.0,home,2021-10-22,2021,2326307,SethCurry,phi
5,NO,W117-97,28.0,80.0,66.7,0.0,2.0,2.0,0.0,0.0,0.0,2.0,10.0,4.0,5.0,2.0,3.0,0.0,0.0,away,2021-10-20,2021,2326307,SethCurry,phi
0,ORL,W116-106,18.0,62.5,0.0,66.7,8.0,4.0,1.0,3.0,2.0,0.0,12.0,5.0,8.0,0.0,0.0,2.0,3.0,away,2022-01-05,2021,6585,AndreDrummond,phi
1,HOU,W133-113,17.0,60.0,0.0,100.0,7.0,2.0,1.0,1.0,1.0,0.0,8.0,3.0,5.0,0.0,0.0,2.0,2.0,home,2022-01-03,2021,6585,AndreDrummond,phi
0,BKN,W110-102,16.0,62.5,0.0,0.0,10.0,1.0,1.0,1.0,2.0,2.0,10.0,5.0,8.0,0.0,0.0,0.0,1.0,away,2021-12-30,2021,6585,AndreDrummond,phi
1,BKN,L114-105,15.0,100.0,0.0,0.0,6.0,2.0,0.0,3.0,2.0,2.0,4.0,2.0,2.0,0.0,0.0,0.0,0.0,away,2021-12-16,2021,6585,AndreDrummond,phi
2,MIA,L101-96,11.0,0.0,0.0,0.0,4.0,0.0,0.0,1.0,2.0,0.0,0.0,0.0,0.0,0.0,0.0,0.0,0.0,home,2021-12-15,2021,6585,AndreDrummond,phi
3,MEM,L126-91,21.0,42.9,0.0,0.0,9.0,3.0,3.0,0.0,1.0,2.0,6.0,3.0,7.0,0.0,0.0,0.0,0.0,away,2021-12-13,2021,6585,AndreDrummond,phi
4,GS,W102-93,15.0,80.0,0.0,50.0,9.0,1.0,0.0,2.0,1.0,0.0,9.0,4.0,5.0,0.0,0.0,1.0,2.0,home,2021-12-11,2021,6585,AndreDrummond,phi
5,UTAH,L118-96,10.0,0.0,0.0,0.0,3.0,1.0,0.0,0.0,2.0,2.0,0.0,0.0,1.0,0.0,0.0,0.0,0.0,home,2021-12-09,2021,6585,AndreDrummond,phi
6,CHA,W110-106,15.0,100.0,0.0,100.0,5.0,2.0,1.0,2.0,3.0,3.0,8.0,2.0,2.0,0.0,0.0,4.0,4.0,away,2021-12-08,2021,6585,AndreDrummond,phi
7,CHA,W127-124 OT,12.0,60.0,0.0,0.0,3.0,2.0,2.0,1.0,3.0,1.0,6.0,3.0,5.0,0.0,0.0,0.0,2.0,away,2021-12-06,2021,6585,AndreDrummond,phi
8,ATL,W98-96,12.0,100.0,0.0,0.0,7.0,1.0,0.0,2.0,0.0,1.0,4.0,2.0,2.0,0.0,0.0,0.0,1.0,away,2021-12-03,2021,6585,AndreDrummond,phi
9,BOS,L88-87,15.0,100.0,0.0,0.0,9.0,1.0,2.0,0.0,3.0,0.0,4.0,2.0,2.0,0.0,0.0,0.0,0.0,away,2021-12-01,2021,6585,AndreDrummond,phi
0,ORL,W101-96,18.0,75.0,0.0,33.3,12.0,1.0,2.0,0.0,1.0,3.0,7.0,3.0,4.0,0.0,0.0,1.0,3.0,home,2021-11-29,2021,6585,AndreDrummond,phi
1,MIN,L121-120 2OT,13.0,100.0,0.0,0.0,3.0,1.0,1.0,0.0,3.0,2.0,2.0,1.0,1.0,0.0,0.0,0.0,0.0,home,2021-11-27,2021,6585,AndreDrummond,phi
2,GS,L116-96,27.0,0.0,0.0,50.0,12.0,2.0,0.0,0.0,4.0,5.0,1.0,0.0,5.0,0.0,0.0,1.0,2.0,away,2021-11-24,2021,6585,AndreDrummond,phi
3,SAC,W102-94,31.0,37.5,0.0,50.0,23.0,3.0,3.0,1.0,4.0,2.0,9.0,3.0,8.0,0.0,0.0,3.0,6.0,away,2021-11-22,2021,6585,AndreDrummond,phi
4,POR,L118-111,23.0,100.0,0.0,0.0,4.0,3.0,1.0,1.0,4.0,0.0,6.0,3.0,3.0,0.0,0.0,0.0,0.0,away,2021-11-20,2021,6585,AndreDrummond,phi
5,DEN,W103-89,29.0,40.0,0.0,0.0,6.0,1.0,0.0,0.0,5.0,1.0,4.0,2.0,5.0,0.0,0.0,0.0,1.0,away,2021-11-18,2021,6585,AndreDrummond,phi
6,UTAH,L120-85,12.0,50.0,0.0,0.0,6.0,1.0,1.0,1.0,1.0,2.0,6.0,3.0,6.0,0.0,0.0,0.0,1.0,away,2021-11-16,2021,6585,AndreDrummond,phi
7,IND,L118-113,31.0,33.3,0.0,50.0,16.0,2.0,1.0,1.0,2.0,1.0,11.0,4.0,12.0,0.0,0.0,3.0,6.0,away,2021-11-13,2021,6585,AndreDrummond,phi
8,TOR,L115-109,30.0,25.0,0.0,0.0,12.0,3.0,4.0,0.0,1.0,0.0,4.0,2.0,8.0,0.0,0.0,0.0,0.0,home,2021-11-11,2021,6585,AndreDrummond,phi
9,MIL,L118-109,33.0,61.5,0.0,50.0,20.0,3.0,2.0,1.0,3.0,3.0,17.0,8.0,13.0,0.0,0.0,1.0,2.0,home,2021-11-09,2021,6585,AndreDrummond,phi
10,NY,L103-96,38.0,55.6,0.0,66.7,25.0,1.0,2.0,0.0,2.0,1.0,14.0,5.0,9.0,0.0,0.0,4.0,6.0,home,2021-11-08,2021,6585,AndreDrummond,phi
11,CHI,W114-105,14.0,33.3,0.0,50.0,2.0,1.0,0.0,0.0,5.0,1.0,3.0,1.0,3.0,0.0,0.0,1.0,2.0,away,2021-11-06,2021,6585,AndreDrummond,phi
12,DET,W109-98,18.0,50.0,0.0,33.3,10.0,3.0,0.0,1.0,2.0,1.0,8.0,3.0,6.0,0.0,0.0,2.0,6.0,away,2021-11-04,2021,6585,AndreDrummond,phi
13,CHI,W103-98,14.0,0.0,0.0,100.0,5.0,3.0,0.0,1.0,0.0,3.0,2.0,0.0,3.0,0.0,0.0,2.0,2.0,home,2021-11-03,2021,6585,AndreDrummond,phi
14,POR,W113-103,34.0,45.5,0.0,100.0,15.0,7.0,1.0,5.0,4.0,0.0,14.0,5.0,11.0,0.0,0.0,4.0,4.0,home,2021-11-01,2021,6585,AndreDrummond,phi
0,ATL,W122-94,13.0,66.7,0.0,0.0,5.0,1.0,0.0,2.0,1.0,2.0,8.0,4.0,6.0,0.0,0.0,0.0,0.0,home,2021-10-30,2021,6585,AndreDrummond,phi
1,DET,W110-102,14.0,50.0,0.0,0.0,4.0,0.0,1.0,0.0,6.0,4.0,2.0,1.0,2.0,0.0,0.0,0.0,0.0,home,2021-10-28,2021,6585,AndreDrummond,phi
2,NY,L112-99,14.0,40.0,0.0,100.0,9.0,2.0,0.0,1.0,3.0,2.0,6.0,2.0,5.0,0.0,0.0,2.0,2.0,away,2021-10-26,2021,6585,AndreDrummond,phi
3,BKN,L114-109,18.0,66.7,0.0,0.0,10.0,2.0,2.0,2.0,2.0,1.0,4.0,2.0,3.0,0.0,1.0,0.0,0.0,home,2021-10-22,2021,6585,AndreDrummond,phi
4,NO,W117-97,19.0,50.0,0.0,66.7,17.0,3.0,2.0,2.0,2.0,4.0,6.0,2.0,4.0,0.0,0.0,2.0,3.0,away,2021-10-20,2021,6585,AndreDrummond,phi
0,ORL,W116-106,33.0,54.5,0.0,70.0,5.0,4.0,1.0,1.0,4.0,6.0,31.0,12.0,22.0,0.0,2.0,7.0,10.0,away,2022-01-05,2021,3059318,JoelEmbiid,phi
1,HOU,W133-113,30.0,60.0,50.0,85.7,15.0,10.0,2.0,1.0,2.0,6.0,31.0,12.0,20.0,1.0,2.0,6.0,7.0,home,2022-01-03,2021,3059318,JoelEmbiid,phi
0,BKN,W110-102,32.0,47.8,60.0,75.0,7.0,1.0,1.0,3.0,1.0,2.0,34.0,11.0,23.0,3.0,5.0,9.0,12.0,away,2021-12-30,2021,3059318,JoelEmbiid,phi
1,TOR,W114-109,34.0,68.8,66.7,85.7,11.0,4.0,1.0,1.0,2.0,2.0,36.0,11.0,16.0,2.0,3.0,12.0,14.0,away,2021-12-28,2021,3059318,JoelEmbiid,phi
2,WSH,W117-96,31.0,70.6,40.0,90.9,13.0,1.0,2.0,1.0,1.0,1.0,36.0,12.0,17.0,2.0,5.0,10.0,11.0,away,2021-12-26,2021,3059318,JoelEmbiid,phi
3,ATL,L98-96,36.0,35.3,100.0,90.0,10.0,2.0,2.0,1.0,1.0,2.0,23.0,6.0,17.0,2.0,2.0,9.0,10.0,home,2021-12-23,2021,3059318,JoelEmbiid,phi
4,BOS,W108-103,40.0,51.9,20.0,85.7,10.0,5.0,4.0,2.0,3.0,5.0,41.0,14.0,27.0,1.0,5.0,12.0,14.0,away,2021-12-20,2021,3059318,JoelEmbiid,phi
5,BKN,L114-105,33.0,55.0,33.3,81.8,9.0,6.0,0.0,1.0,4.0,2.0,32.0,11.0,20.0,1.0,3.0,9.0,11.0,away,2021-12-16,2021,3059318,JoelEmbiid,phi
6,MIA,L101-96,37.0,38.5,20.0,100.0,14.0,5.0,1.0,1.0,1.0,1.0,17.0,5.0,13.0,1.0,5.0,6.0,6.0,home,2021-12-15,2021,3059318,JoelEmbiid,phi
7,GS,W102-93,33.0,43.8,25.0,100.0,9.0,4.0,0.0,2.0,3.0,4.0,26.0,7.0,16.0,1.0,4.0,11.0,11.0,home,2021-12-11,2021,3059318,JoelEmbiid,phi
8,UTAH,L118-96,30.0,44.4,25.0,100.0,9.0,2.0,1.0,3.0,4.0,1.0,19.0,8.0,18.0,1.0,4.0,2.0,2.0,home,2021-12-09,2021,3059318,JoelEmbiid,phi
9,CHA,W110-106,33.0,47.1,50.0,78.9,8.0,4.0,0.0,1.0,4.0,1.0,32.0,8.0,17.0,1.0,2.0,15.0,19.0,away,2021-12-08,2021,3059318,JoelEmbiid,phi
10,CHA,W127-124 OT,41.0,75.0,50.0,85.7,15.0,7.0,0.0,1.0,3.0,3.0,43.0,15.0,20.0,1.0,2.0,12.0,14.0,away,2021-12-06,2021,3059318,JoelEmbiid,phi
11,ATL,W98-96,36.0,43.5,33.3,87.5,12.0,4.0,2.0,1.0,4.0,3.0,28.0,10.0,23.0,1.0,3.0,7.0,8.0,away,2021-12-03,2021,3059318,JoelEmbiid,phi
12,BOS,L88-87,33.0,17.6,33.3,60.0,18.0,6.0,3.0,2.0,1.0,0.0,13.0,3.0,17.0,1.0,3.0,6.0,10.0,away,2021-12-01,2021,3059318,JoelEmbiid,phi
0,ORL,W101-96,30.0,25.0,50.0,70.0,13.0,5.0,2.0,0.0,4.0,3.0,16.0,4.0,16.0,1.0,2.0,7.0,10.0,home,2021-11-29,2021,3059318,JoelEmbiid,phi
1,MIN,L121-120 2OT,45.0,52.2,50.0,76.2,14.0,3.0,2.0,1.0,4.0,4.0,42.0,12.0,23.0,2.0,4.0,16.0,21.0,home,2021-11-27,2021,3059318,JoelEmbiid,phi
2,CHI,W114-105,34.0,57.9,80.0,57.1,16.0,3.0,2.0,0.0,1.0,6.0,30.0,11.0,19.0,4.0,5.0,4.0,7.0,away,2021-11-06,2021,3059318,JoelEmbiid,phi
3,DET,W109-98,30.0,40.0,0.0,87.5,9.0,3.0,0.0,1.0,3.0,2.0,19.0,6.0,15.0,0.0,0.0,7.0,8.0,away,2021-11-04,2021,3059318,JoelEmbiid,phi
4,CHI,W103-98,34.0,33.3,20.0,55.6,9.0,7.0,1.0,1.0,3.0,4.0,18.0,6.0,18.0,1.0,5.0,5.0,9.0,home,2021-11-03,2021,3059318,JoelEmbiid,phi
0,ATL,W122-94,30.0,38.5,25.0,88.9,5.0,2.0,1.0,0.0,1.0,2.0,19.0,5.0,13.0,1.0,4.0,8.0,9.0,home,2021-10-30,2021,3059318,JoelEmbiid,phi
1,DET,W110-102,31.0,42.1,25.0,86.7,18.0,3.0,0.0,1.0,2.0,4.0,30.0,8.0,19.0,1.0,4.0,13.0,15.0,home,2021-10-28,2021,3059318,JoelEmbiid,phi
2,NY,L112-99,30.0,28.6,0.0,90.9,6.0,3.0,1.0,1.0,1.0,5.0,14.0,2.0,7.0,0.0,2.0,10.0,11.0,away,2021-10-26,2021,3059318,JoelEmbiid,phi
3,OKC,W115-103,33.0,53.3,40.0,66.7,9.0,6.0,3.0,1.0,2.0,0.0,22.0,8.0,15.0,2.0,5.0,4.0,6.0,away,2021-10-24,2021,3059318,JoelEmbiid,phi
4,BKN,L114-109,30.0,40.0,40.0,83.3,8.0,4.0,4.0,2.0,4.0,3.0,19.0,6.0,15.0,2.0,5.0,5.0,6.0,home,2021-10-22,2021,3059318,JoelEmbiid,phi
5,NO,W117-97,26.0,47.1,66.7,66.7,6.0,5.0,1.0,1.0,3.0,1.0,22.0,8.0,17.0,2.0,3.0,4.0,6.0,away,2021-10-20,2021,3059318,JoelEmbiid,phi
0,ORL,W116-106,24.0,0.0,0.0,0.0,0.0,0.0,0.0,0.0,1.0,0.0,0.0,0.0,2.0,0.0,2.0,0.0,0.0,away,2022-01-05,2021,3988,DannyGreen,phi
1,HOU,W133-113,23.0,66.7,66.7,0.0,1.0,1.0,1.0,0.0,2.0,1.0,6.0,2.0,3.0,2.0,3.0,0.0,0.0,home,2022-01-03,2021,3988,DannyGreen,phi
0,BOS,W108-103,40.0,25.0,25.0,100.0,4.0,3.0,2.0,3.0,3.0,1.0,8.0,2.0,8.0,2.0,8.0,2.0,2.0,away,2021-12-20,2021,3988,DannyGreen,phi
1,BKN,L114-105,40.0,28.6,28.6,100.0,2.0,0.0,1.0,2.0,2.0,0.0,8.0,2.0,7.0,2.0,7.0,2.0,2.0,away,2021-12-16,2021,3988,DannyGreen,phi
2,MIA,L101-96,28.0,37.5,37.5,0.0,6.0,2.0,0.0,5.0,3.0,1.0,9.0,3.0,8.0,3.0,8.0,0.0,0.0,home,2021-12-15,2021,3988,DannyGreen,phi
3,MEM,L126-91,17.0,0.0,0.0,0.0,3.0,0.0,1.0,0.0,0.0,1.0,0.0,0.0,2.0,0.0,2.0,0.0,0.0,away,2021-12-13,2021,3988,DannyGreen,phi
4,GS,W102-93,17.0,40.0,33.3,0.0,2.0,2.0,0.0,1.0,1.0,0.0,5.0,2.0,5.0,1.0,3.0,0.0,0.0,home,2021-12-11,2021,3988,DannyGreen,phi
5,UTAH,L118-96,20.0,0.0,0.0,0.0,2.0,1.0,1.0,1.0,1.0,1.0,0.0,0.0,5.0,0.0,4.0,0.0,0.0,home,2021-12-09,2021,3988,DannyGreen,phi
6,CHA,W110-106,27.0,33.3,40.0,0.0,5.0,3.0,2.0,0.0,4.0,2.0,6.0,2.0,6.0,2.0,5.0,0.0,0.0,away,2021-12-08,2021,3988,DannyGreen,phi
7,CHA,W127-124 OT,30.0,42.9,42.9,0.0,4.0,3.0,2.0,0.0,0.0,3.0,9.0,3.0,7.0,3.0,7.0,0.0,0.0,away,2021-12-06,2021,3988,DannyGreen,phi
8,ATL,W98-96,34.0,44.4,40.0,0.0,3.0,0.0,2.0,0.0,5.0,2.0,10.0,4.0,9.0,2.0,5.0,0.0,0.0,away,2021-12-03,2021,3988,DannyGreen,phi
9,BOS,L88-87,21.0,33.3,33.3,0.0,0.0,0.0,0.0,0.0,3.0,0.0,6.0,2.0,6.0,2.0,6.0,0.0,0.0,away,2021-12-01,2021,3988,DannyGreen,phi
0,ORL,W101-96,24.0,50.0,33.3,0.0,3.0,1.0,0.0,1.0,1.0,0.0,5.0,2.0,4.0,1.0,3.0,0.0,0.0,home,2021-11-29,2021,3988,DannyGreen,phi
1,MIN,L121-120 2OT,22.0,44.4,42.9,0.0,3.0,3.0,0.0,4.0,0.0,2.0,11.0,4.0,9.0,3.0,7.0,0.0,0.0,home,2021-11-27,2021,3988,DannyGreen,phi
2,GS,L116-96,17.0,80.0,66.7,0.0,2.0,1.0,1.0,4.0,1.0,2.0,10.0,4.0,5.0,2.0,3.0,0.0,0.0,away,2021-11-24,2021,3988,DannyGreen,phi
3,IND,L118-113,22.0,66.7,100.0,100.0,4.0,0.0,0.0,3.0,3.0,1.0,14.0,4.0,6.0,2.0,2.0,4.0,4.0,away,2021-11-13,2021,3988,DannyGreen,phi
4,TOR,L115-109,18.0,50.0,50.0,0.0,0.0,1.0,0.0,2.0,2.0,1.0,6.0,2.0,4.0,2.0,4.0,0.0,0.0,home,2021-11-11,2021,3988,DannyGreen,phi
5,MIL,L118-109,29.0,33.3,33.3,0.0,3.0,2.0,0.0,0.0,2.0,1.0,9.0,3.0,9.0,3.0,9.0,0.0,0.0,home,2021-11-09,2021,3988,DannyGreen,phi
6,NY,L103-96,30.0,33.3,25.0,0.0,1.0,3.0,3.0,2.0,0.0,2.0,8.0,3.0,9.0,2.0,8.0,0.0,0.0,home,2021-11-08,2021,3988,DannyGreen,phi
7,POR,W113-103,19.0,80.0,75.0,0.0,3.0,1.0,1.0,1.0,2.0,0.0,11.0,4.0,5.0,3.0,4.0,0.0,0.0,home,2021-11-01,2021,3988,DannyGreen,phi
0,ATL,W122-94,23.0,66.7,66.7,0.0,4.0,3.0,1.0,2.0,3.0,2.0,6.0,2.0,3.0,2.0,3.0,0.0,0.0,home,2021-10-30,2021,3988,DannyGreen,phi
1,DET,W110-102,29.0,0.0,0.0,0.0,1.0,1.0,2.0,2.0,2.0,0.0,0.0,0.0,5.0,0.0,5.0,0.0,0.0,home,2021-10-28,2021,3988,DannyGreen,phi
2,NY,L112-99,24.0,50.0,50.0,0.0,2.0,0.0,1.0,2.0,0.0,0.0,12.0,4.0,8.0,4.0,8.0,0.0,0.0,away,2021-10-26,2021,3988,DannyGreen,phi
3,OKC,W115-103,28.0,66.7,60.0,0.0,8.0,0.0,1.0,0.0,1.0,2.0,11.0,4.0,6.0,3.0,5.0,0.0,0.0,away,2021-10-24,2021,3988,DannyGreen,phi
4,BKN,L114-109,22.0,33.3,33.3,0.0,1.0,0.0,0.0,1.0,5.0,0.0,6.0,2.0,6.0,2.0,6.0,0.0,0.0,home,2021-10-22,2021,3988,DannyGreen,phi
5,NO,W117-97,19.0,0.0,0.0,0.0,0.0,0.0,0.0,0.0,3.0,0.0,0.0,0.0,1.0,0.0,1.0,0.0,0.0,away,2021-10-20,2021,3988,DannyGreen,phi
0,ORL,W116-106,44.0,47.4,50.0,100.0,9.0,4.0,2.0,2.0,3.0,3.0,22.0,9.0,19.0,3.0,6.0,1.0,1.0,away,2022-01-05,2021,6440,TobiasHarris,phi
1,HOU,W133-113,35.0,40.0,0.0,100.0,6.0,6.0,1.0,0.0,1.0,1.0,14.0,6.0,15.0,0.0,3.0,2.0,2.0,home,2022-01-03,2021,6440,TobiasHarris,phi
0,BKN,W110-102,37.0,28.6,0.0,50.0,6.0,6.0,0.0,0.0,2.0,0.0,9.0,4.0,14.0,0.0,1.0,1.0,2.0,away,2021-12-30,2021,6440,TobiasHarris,phi
1,TOR,W114-109,36.0,25.0,0.0,92.9,12.0,10.0,1.0,2.0,5.0,5.0,19.0,3.0,12.0,0.0,1.0,13.0,14.0,away,2021-12-28,2021,6440,TobiasHarris,phi
2,WSH,W117-96,30.0,62.5,0.0,75.0,7.0,3.0,0.0,1.0,4.0,1.0,23.0,10.0,16.0,0.0,0.0,3.0,4.0,away,2021-12-26,2021,6440,TobiasHarris,phi
3,ATL,L98-96,38.0,35.7,0.0,100.0,6.0,5.0,1.0,2.0,3.0,2.0,16.0,5.0,14.0,0.0,6.0,6.0,6.0,home,2021-12-23,2021,6440,TobiasHarris,phi
4,BOS,W108-103,41.0,53.8,100.0,80.0,7.0,3.0,0.0,1.0,3.0,2.0,25.0,7.0,13.0,3.0,3.0,8.0,10.0,away,2021-12-20,2021,6440,TobiasHarris,phi
5,BKN,L114-105,37.0,17.6,0.0,100.0,7.0,5.0,1.0,0.0,5.0,1.0,11.0,3.0,17.0,0.0,5.0,5.0,5.0,away,2021-12-16,2021,6440,TobiasHarris,phi
6,MIA,L101-96,37.0,50.0,42.9,75.0,5.0,4.0,0.0,0.0,1.0,3.0,24.0,9.0,18.0,3.0,7.0,3.0,4.0,home,2021-12-15,2021,6440,TobiasHarris,phi
7,MEM,L126-91,25.0,41.7,0.0,66.7,2.0,2.0,1.0,0.0,2.0,2.0,12.0,5.0,12.0,0.0,2.0,2.0,3.0,away,2021-12-13,2021,6440,TobiasHarris,phi
8,GS,W102-93,34.0,44.4,25.0,100.0,9.0,3.0,0.0,0.0,2.0,1.0,16.0,4.0,9.0,1.0,4.0,7.0,7.0,home,2021-12-11,2021,6440,TobiasHarris,phi
9,UTAH,L118-96,35.0,54.5,50.0,100.0,7.0,1.0,1.0,0.0,2.0,0.0,17.0,6.0,11.0,1.0,2.0,4.0,4.0,home,2021-12-09,2021,6440,TobiasHarris,phi
10,CHA,W110-106,34.0,53.8,40.0,100.0,6.0,0.0,0.0,0.0,2.0,2.0,18.0,7.0,13.0,2.0,5.0,2.0,2.0,away,2021-12-08,2021,6440,TobiasHarris,phi
11,CHA,W127-124 OT,41.0,38.9,40.0,71.4,11.0,4.0,2.0,1.0,1.0,1.0,21.0,7.0,18.0,2.0,5.0,5.0,7.0,away,2021-12-06,2021,6440,TobiasHarris,phi
12,BOS,L88-87,32.0,36.4,0.0,0.0,6.0,1.0,1.0,1.0,0.0,2.0,8.0,4.0,11.0,0.0,4.0,0.0,0.0,away,2021-12-01,2021,6440,TobiasHarris,phi
0,ORL,W101-96,35.0,40.0,25.0,0.0,9.0,2.0,0.0,1.0,3.0,0.0,17.0,8.0,20.0,1.0,4.0,0.0,0.0,home,2021-11-29,2021,6440,TobiasHarris,phi
1,MIN,L121-120 2OT,45.0,37.5,0.0,71.4,9.0,4.0,0.0,2.0,1.0,0.0,17.0,6.0,16.0,0.0,4.0,5.0,7.0,home,2021-11-27,2021,6440,TobiasHarris,phi
2,POR,L118-111,36.0,52.4,50.0,80.0,8.0,3.0,0.0,0.0,1.0,5.0,28.0,11.0,21.0,2.0,4.0,4.0,5.0,away,2021-11-20,2021,6440,TobiasHarris,phi
3,DEN,W103-89,31.0,44.4,33.3,0.0,7.0,2.0,1.0,1.0,1.0,0.0,17.0,8.0,18.0,1.0,3.0,0.0,2.0,away,2021-11-18,2021,6440,TobiasHarris,phi
4,UTAH,L120-85,27.0,44.4,33.3,100.0,4.0,5.0,2.0,0.0,3.0,0.0,12.0,4.0,9.0,1.0,3.0,3.0,3.0,away,2021-11-16,2021,6440,TobiasHarris,phi
5,IND,L118-113,35.0,45.5,75.0,90.0,11.0,3.0,0.0,0.0,1.0,4.0,32.0,10.0,22.0,3.0,4.0,9.0,10.0,away,2021-11-13,2021,6440,TobiasHarris,phi
6,TOR,L115-109,37.0,38.9,16.7,100.0,7.0,7.0,1.0,0.0,3.0,4.0,19.0,7.0,18.0,1.0,6.0,4.0,4.0,home,2021-11-11,2021,6440,TobiasHarris,phi
0,ATL,W122-94,31.0,69.2,40.0,100.0,11.0,4.0,0.0,0.0,2.0,1.0,22.0,9.0,13.0,2.0,5.0,2.0,2.0,home,2021-10-30,2021,6440,TobiasHarris,phi
1,DET,W110-102,36.0,53.8,25.0,100.0,6.0,1.0,2.0,0.0,2.0,2.0,17.0,7.0,13.0,1.0,4.0,2.0,2.0,home,2021-10-28,2021,6440,TobiasHarris,phi
2,NY,L112-99,33.0,55.6,33.3,100.0,9.0,9.0,0.0,0.0,2.0,1.0,23.0,10.0,18.0,2.0,6.0,1.0,1.0,away,2021-10-26,2021,6440,TobiasHarris,phi
3,OKC,W115-103,33.0,50.0,0.0,0.0,9.0,5.0,0.0,0.0,0.0,4.0,14.0,7.0,14.0,0.0,4.0,0.0,0.0,away,2021-10-24,2021,6440,TobiasHarris,phi
4,BKN,L114-109,37.0,50.0,75.0,0.0,7.0,4.0,0.0,0.0,1.0,1.0,23.0,10.0,20.0,3.0,4.0,0.0,0.0,home,2021-10-22,2021,6440,TobiasHarris,phi
5,NO,W117-97,28.0,50.0,0.0,80.0,12.0,2.0,0.0,1.0,0.0,0.0,20.0,8.0,16.0,0.0,2.0,4.0,5.0,away,2021-10-20,2021,6440,TobiasHarris,phi
0,HOU,W133-113,2.0,0.0,0.0,0.0,0.0,0.0,1.0,0.0,0.0,1.0,0.0,0.0,0.0,0.0,0.0,0.0,0.0,home,2022-01-03,2021,4397209,AaronHenry,phi
0,WSH,W117-96,4.0,0.0,0.0,0.0,0.0,0.0,1.0,0.0,0.0,1.0,0.0,0.0,0.0,0.0,0.0,0.0,0.0,away,2021-12-26,2021,4397209,AaronHenry,phi
1,BOS,W108-103,5.0,0.0,0.0,0.0,1.0,0.0,0.0,0.0,1.0,0.0,0.0,0.0,1.0,0.0,0.0,0.0,0.0,away,2021-12-20,2021,4397209,AaronHenry,phi
0,NO,W117-97,2.0,0.0,0.0,0.0,0.0,0.0,0.0,0.0,0.0,0.0,0.0,0.0,1.0,0.0,1.0,0.0,0.0,away,2021-10-20,2021,4397209,AaronHenry,phi
0,ORL,W116-106,7.0,100.0,100.0,0.0,2.0,0.0,0.0,0.0,0.0,0.0,3.0,1.0,1.0,1.0,1.0,0.0,0.0,away,2022-01-05,2021,4395702,IsaiahJoe,phi
1,HOU,W133-113,21.0,66.7,62.5,100.0,2.0,1.0,0.0,1.0,3.0,0.0,18.0,6.0,9.0,5.0,8.0,1.0,1.0,home,2022-01-03,2021,4395702,IsaiahJoe,phi
0,WSH,W117-96,7.0,0.0,0.0,100.0,0.0,0.0,1.0,0.0,0.0,0.0,2.0,0.0,3.0,0.0,3.0,2.0,2.0,away,2021-12-26,2021,4395702,IsaiahJoe,phi
1,ATL,L98-96,13.0,0.0,0.0,100.0,3.0,1.0,0.0,0.0,1.0,0.0,3.0,0.0,4.0,0.0,3.0,3.0,3.0,home,2021-12-23,2021,4395702,IsaiahJoe,phi
2,BOS,W108-103,26.0,0.0,0.0,50.0,2.0,0.0,0.0,1.0,2.0,0.0,1.0,0.0,2.0,0.0,2.0,1.0,2.0,away,2021-12-20,2021,4395702,IsaiahJoe,phi
3,BKN,L114-105,25.0,0.0,0.0,0.0,3.0,1.0,1.0,0.0,0.0,0.0,0.0,0.0,4.0,0.0,1.0,0.0,0.0,away,2021-12-16,2021,4395702,IsaiahJoe,phi
4,MIA,L101-96,11.0,50.0,66.7,0.0,1.0,0.0,0.0,0.0,0.0,1.0,6.0,2.0,4.0,2.0,3.0,0.0,0.0,home,2021-12-15,2021,4395702,IsaiahJoe,phi
5,MEM,L126-91,16.0,20.0,0.0,100.0,1.0,2.0,0.0,1.0,1.0,0.0,5.0,1.0,5.0,0.0,2.0,3.0,3.0,away,2021-12-13,2021,4395702,IsaiahJoe,phi
6,UTAH,L118-96,7.0,0.0,0.0,0.0,0.0,2.0,0.0,0.0,0.0,0.0,0.0,0.0,1.0,0.0,1.0,0.0,0.0,home,2021-12-09,2021,4395702,IsaiahJoe,phi
7,CHA,W127-124 OT,12.0,75.0,75.0,0.0,1.0,1.0,0.0,1.0,2.0,2.0,9.0,3.0,4.0,3.0,4.0,0.0,0.0,away,2021-12-06,2021,4395702,IsaiahJoe,phi
0,MIN,L121-120 2OT,6.0,0.0,0.0,0.0,0.0,2.0,0.0,1.0,1.0,0.0,0.0,0.0,1.0,0.0,0.0,0.0,0.0,home,2021-11-27,2021,4395702,IsaiahJoe,phi
1,GS,L116-96,15.0,50.0,40.0,0.0,3.0,0.0,0.0,0.0,0.0,1.0,8.0,3.0,6.0,2.0,5.0,0.0,0.0,away,2021-11-24,2021,4395702,IsaiahJoe,phi
2,SAC,W102-94,17.0,37.5,33.3,100.0,2.0,1.0,0.0,0.0,1.0,0.0,11.0,3.0,8.0,2.0,6.0,3.0,3.0,away,2021-11-22,2021,4395702,IsaiahJoe,phi
3,POR,L118-111,5.0,100.0,100.0,0.0,0.0,1.0,0.0,0.0,0.0,0.0,3.0,1.0,1.0,1.0,1.0,0.0,0.0,away,2021-11-20,2021,4395702,IsaiahJoe,phi
4,DEN,W103-89,3.0,0.0,0.0,0.0,0.0,0.0,0.0,0.0,0.0,0.0,0.0,0.0,2.0,0.0,2.0,0.0,0.0,away,2021-11-18,2021,4395702,IsaiahJoe,phi
5,UTAH,L120-85,24.0,27.3,12.5,100.0,8.0,2.0,0.0,0.0,4.0,1.0,8.0,3.0,11.0,1.0,8.0,1.0,1.0,away,2021-11-16,2021,4395702,IsaiahJoe,phi
6,CHI,W103-98,5.0,50.0,100.0,0.0,0.0,0.0,0.0,0.0,1.0,0.0,3.0,1.0,2.0,1.0,1.0,0.0,0.0,home,2021-11-03,2021,4395702,IsaiahJoe,phi
7,POR,W113-103,11.0,100.0,100.0,0.0,1.0,0.0,0.0,0.0,1.0,0.0,3.0,1.0,1.0,1.0,1.0,0.0,0.0,home,2021-11-01,2021,4395702,IsaiahJoe,phi
0,ATL,W122-94,5.0,66.7,50.0,0.0,1.0,1.0,0.0,0.0,0.0,0.0,5.0,2.0,3.0,1.0,2.0,0.0,0.0,home,2021-10-30,2021,4395702,IsaiahJoe,phi
1,NY,L112-99,7.0,25.0,25.0,0.0,0.0,1.0,0.0,0.0,0.0,0.0,3.0,1.0,4.0,1.0,4.0,0.0,0.0,away,2021-10-26,2021,4395702,IsaiahJoe,phi
2,OKC,W115-103,11.0,0.0,0.0,0.0,1.0,0.0,0.0,0.0,1.0,0.0,0.0,0.0,2.0,0.0,1.0,0.0,0.0,away,2021-10-24,2021,4395702,IsaiahJoe,phi
3,BKN,L114-109,4.0,0.0,0.0,0.0,0.0,0.0,0.0,0.0,0.0,0.0,0.0,0.0,1.0,0.0,1.0,0.0,0.0,home,2021-10-22,2021,4395702,IsaiahJoe,phi
4,NO,W117-97,13.0,0.0,0.0,0.0,0.0,0.0,0.0,0.0,0.0,2.0,0.0,0.0,3.0,0.0,2.0,0.0,0.0,away,2021-10-20,2021,4395702,IsaiahJoe,phi
0,ORL,W116-106,40.0,40.0,44.4,100.0,5.0,1.0,0.0,1.0,1.0,2.0,20.0,6.0,15.0,4.0,9.0,4.0,4.0,away,2022-01-05,2021,3929325,FurkanKorkmaz,phi
1,HOU,W133-113,36.0,57.1,37.5,100.0,11.0,6.0,0.0,1.0,1.0,0.0,24.0,8.0,14.0,3.0,8.0,5.0,5.0,home,2022-01-03,2021,3929325,FurkanKorkmaz,phi
0,BKN,W110-102,18.0,0.0,0.0,0.0,1.0,2.0,0.0,0.0,2.0,0.0,0.0,0.0,4.0,0.0,3.0,0.0,2.0,away,2021-12-30,2021,3929325,FurkanKorkmaz,phi
1,TOR,W114-109,16.0,44.4,50.0,0.0,3.0,0.0,0.0,1.0,1.0,0.0,10.0,4.0,9.0,2.0,4.0,0.0,0.0,away,2021-12-28,2021,3929325,FurkanKorkmaz,phi
2,WSH,W117-96,15.0,55.6,33.3,66.7,4.0,1.0,0.0,1.0,1.0,1.0,14.0,5.0,9.0,2.0,6.0,2.0,3.0,away,2021-12-26,2021,3929325,FurkanKorkmaz,phi
3,ATL,L98-96,22.0,33.3,0.0,100.0,1.0,0.0,0.0,0.0,1.0,0.0,6.0,2.0,6.0,0.0,3.0,2.0,2.0,home,2021-12-23,2021,3929325,FurkanKorkmaz,phi
4,MEM,L126-91,32.0,45.5,0.0,0.0,6.0,3.0,1.0,0.0,0.0,0.0,10.0,5.0,11.0,0.0,3.0,0.0,0.0,away,2021-12-13,2021,3929325,FurkanKorkmaz,phi
5,GS,W102-93,9.0,33.3,50.0,0.0,1.0,2.0,0.0,0.0,0.0,0.0,3.0,1.0,3.0,1.0,2.0,0.0,0.0,home,2021-12-11,2021,3929325,FurkanKorkmaz,phi
6,UTAH,L118-96,16.0,16.7,0.0,100.0,1.0,1.0,0.0,0.0,1.0,0.0,4.0,1.0,6.0,0.0,5.0,2.0,2.0,home,2021-12-09,2021,3929325,FurkanKorkmaz,phi
7,CHA,W110-106,12.0,0.0,0.0,0.0,3.0,0.0,0.0,0.0,0.0,1.0,0.0,0.0,2.0,0.0,2.0,0.0,0.0,away,2021-12-08,2021,3929325,FurkanKorkmaz,phi
8,CHA,W127-124 OT,17.0,33.3,0.0,100.0,4.0,3.0,0.0,0.0,1.0,0.0,8.0,3.0,9.0,0.0,4.0,2.0,2.0,away,2021-12-06,2021,3929325,FurkanKorkmaz,phi
9,ATL,W98-96,17.0,66.7,100.0,0.0,3.0,0.0,0.0,0.0,1.0,1.0,9.0,4.0,6.0,1.0,1.0,0.0,0.0,away,2021-12-03,2021,3929325,FurkanKorkmaz,phi
10,BOS,L88-87,6.0,0.0,0.0,0.0,1.0,3.0,0.0,0.0,0.0,1.0,0.0,0.0,0.0,0.0,0.0,0.0,0.0,away,2021-12-01,2021,3929325,FurkanKorkmaz,phi
0,ORL,W101-96,16.0,16.7,0.0,0.0,3.0,1.0,0.0,1.0,0.0,1.0,2.0,1.0,6.0,0.0,4.0,0.0,0.0,home,2021-11-29,2021,3929325,FurkanKorkmaz,phi
1,MIN,L121-120 2OT,17.0,33.3,50.0,100.0,1.0,1.0,0.0,2.0,2.0,2.0,7.0,2.0,6.0,1.0,2.0,2.0,2.0,home,2021-11-27,2021,3929325,FurkanKorkmaz,phi
2,GS,L116-96,22.0,44.4,20.0,0.0,5.0,1.0,0.0,0.0,3.0,0.0,9.0,4.0,9.0,1.0,5.0,0.0,0.0,away,2021-11-24,2021,3929325,FurkanKorkmaz,phi
3,SAC,W102-94,28.0,40.0,50.0,25.0,2.0,6.0,0.0,2.0,2.0,1.0,11.0,4.0,10.0,2.0,4.0,1.0,4.0,away,2021-11-22,2021,3929325,FurkanKorkmaz,phi
4,POR,L118-111,21.0,0.0,0.0,0.0,1.0,1.0,0.0,2.0,1.0,1.0,0.0,0.0,4.0,0.0,4.0,0.0,0.0,away,2021-11-20,2021,3929325,FurkanKorkmaz,phi
5,DEN,W103-89,22.0,40.0,50.0,0.0,4.0,3.0,0.0,1.0,1.0,2.0,5.0,2.0,5.0,1.0,2.0,0.0,0.0,away,2021-11-18,2021,3929325,FurkanKorkmaz,phi
6,UTAH,L120-85,34.0,16.7,0.0,66.7,5.0,3.0,1.0,0.0,0.0,0.0,6.0,2.0,12.0,0.0,6.0,2.0,3.0,away,2021-11-16,2021,3929325,FurkanKorkmaz,phi
7,IND,L118-113,18.0,37.5,50.0,0.0,3.0,0.0,0.0,2.0,0.0,0.0,8.0,3.0,8.0,2.0,4.0,0.0,0.0,away,2021-11-13,2021,3929325,FurkanKorkmaz,phi
8,TOR,L115-109,27.0,27.3,30.0,0.0,5.0,5.0,0.0,0.0,1.0,0.0,9.0,3.0,11.0,3.0,10.0,0.0,0.0,home,2021-11-11,2021,3929325,FurkanKorkmaz,phi
9,MIL,L118-109,45.0,11.1,8.3,0.0,5.0,5.0,0.0,0.0,1.0,0.0,5.0,2.0,18.0,1.0,12.0,0.0,0.0,home,2021-11-09,2021,3929325,FurkanKorkmaz,phi
10,NY,L103-96,40.0,43.8,41.7,0.0,3.0,2.0,0.0,1.0,0.0,1.0,19.0,7.0,16.0,5.0,12.0,0.0,0.0,home,2021-11-08,2021,3929325,FurkanKorkmaz,phi
11,CHI,W114-105,32.0,69.2,77.8,0.0,6.0,1.0,0.0,0.0,3.0,2.0,25.0,9.0,13.0,7.0,9.0,0.0,0.0,away,2021-11-06,2021,3929325,FurkanKorkmaz,phi
12,CHI,W103-98,26.0,55.6,25.0,0.0,5.0,1.0,1.0,1.0,0.0,2.0,11.0,5.0,9.0,1.0,4.0,0.0,0.0,home,2021-11-03,2021,3929325,FurkanKorkmaz,phi
13,POR,W113-103,25.0,50.0,37.5,100.0,2.0,5.0,0.0,1.0,0.0,1.0,15.0,5.0,10.0,3.0,8.0,2.0,2.0,home,2021-11-01,2021,3929325,FurkanKorkmaz,phi
0,ATL,W122-94,18.0,33.3,0.0,0.0,1.0,3.0,0.0,0.0,1.0,2.0,4.0,2.0,6.0,0.0,3.0,0.0,0.0,home,2021-10-30,2021,3929325,FurkanKorkmaz,phi
1,DET,W110-102,18.0,66.7,50.0,100.0,1.0,2.0,1.0,1.0,2.0,2.0,7.0,2.0,3.0,1.0,2.0,2.0,2.0,home,2021-10-28,2021,3929325,FurkanKorkmaz,phi
2,NY,L112-99,25.0,25.0,25.0,50.0,3.0,3.0,0.0,2.0,1.0,1.0,9.0,3.0,12.0,2.0,8.0,1.0,2.0,away,2021-10-26,2021,3929325,FurkanKorkmaz,phi
3,OKC,W115-103,17.0,33.3,20.0,100.0,1.0,3.0,0.0,0.0,0.0,1.0,9.0,3.0,9.0,1.0,5.0,2.0,2.0,away,2021-10-24,2021,3929325,FurkanKorkmaz,phi
4,BKN,L114-109,20.0,42.9,25.0,100.0,2.0,2.0,0.0,0.0,0.0,1.0,10.0,3.0,7.0,1.0,4.0,3.0,3.0,home,2021-10-22,2021,3929325,FurkanKorkmaz,phi
5,NO,W117-97,20.0,63.6,100.0,100.0,0.0,5.0,0.0,1.0,0.0,1.0,22.0,7.0,11.0,4.0,4.0,4.0,4.0,away,2021-10-20,2021,3929325,FurkanKorkmaz,phi
0,BKN,W110-102,33.0,55.6,62.5,0.0,7.0,4.0,0.0,0.0,3.0,0.0,25.0,10.0,18.0,5.0,8.0,0.0,0.0,away,2021-12-30,2021,4431678,TyreseMaxey,phi
1,TOR,W114-109,36.0,18.2,25.0,0.0,2.0,1.0,0.0,0.0,0.0,1.0,5.0,2.0,11.0,1.0,4.0,0.0,0.0,away,2021-12-28,2021,4431678,TyreseMaxey,phi
2,WSH,W117-96,33.0,45.5,50.0,100.0,3.0,4.0,0.0,0.0,1.0,0.0,13.0,5.0,11.0,1.0,2.0,2.0,2.0,away,2021-12-26,2021,4431678,TyreseMaxey,phi
3,ATL,L98-96,34.0,43.8,20.0,66.7,1.0,3.0,1.0,2.0,1.0,1.0,17.0,7.0,16.0,1.0,5.0,2.0,3.0,home,2021-12-23,2021,4431678,TyreseMaxey,phi
4,MIA,L101-96,42.0,73.3,40.0,100.0,3.0,5.0,1.0,0.0,3.0,2.0,27.0,11.0,15.0,2.0,5.0,3.0,3.0,home,2021-12-15,2021,4431678,TyreseMaxey,phi
5,MEM,L126-91,30.0,52.9,40.0,100.0,0.0,7.0,0.0,1.0,3.0,3.0,23.0,9.0,17.0,2.0,5.0,3.0,3.0,away,2021-12-13,2021,4431678,TyreseMaxey,phi
6,GS,W102-93,30.0,50.0,50.0,50.0,2.0,2.0,2.0,0.0,1.0,2.0,14.0,5.0,10.0,2.0,4.0,2.0,4.0,home,2021-12-11,2021,4431678,TyreseMaxey,phi
7,UTAH,L118-96,26.0,50.0,0.0,50.0,3.0,2.0,0.0,2.0,1.0,1.0,11.0,5.0,10.0,0.0,0.0,1.0,2.0,home,2021-12-09,2021,4431678,TyreseMaxey,phi
8,CHA,W110-106,26.0,40.0,33.3,100.0,2.0,3.0,0.0,0.0,3.0,3.0,6.0,2.0,5.0,1.0,3.0,1.0,1.0,away,2021-12-08,2021,4431678,TyreseMaxey,phi
9,ATL,W98-96,33.0,40.0,0.0,100.0,3.0,5.0,1.0,1.0,2.0,0.0,11.0,4.0,10.0,0.0,1.0,3.0,3.0,away,2021-12-03,2021,4431678,TyreseMaxey,phi
10,BOS,L88-87,33.0,23.1,0.0,0.0,6.0,1.0,0.0,0.0,1.0,0.0,6.0,3.0,13.0,0.0,2.0,0.0,0.0,away,2021-12-01,2021,4431678,TyreseMaxey,phi
0,ORL,W101-96,32.0,16.7,25.0,100.0,8.0,9.0,1.0,0.0,3.0,0.0,9.0,2.0,12.0,1.0,4.0,4.0,4.0,home,2021-11-29,2021,4431678,TyreseMaxey,phi
1,MIN,L121-120 2OT,44.0,33.3,33.3,80.0,4.0,9.0,1.0,0.0,5.0,4.0,15.0,5.0,15.0,1.0,3.0,4.0,5.0,home,2021-11-27,2021,4431678,TyreseMaxey,phi
2,GS,L116-96,33.0,33.3,0.0,90.0,3.0,5.0,1.0,0.0,2.0,2.0,19.0,5.0,15.0,0.0,1.0,9.0,10.0,away,2021-11-24,2021,4431678,TyreseMaxey,phi
3,SAC,W102-94,35.0,36.4,0.0,100.0,1.0,4.0,0.0,2.0,3.0,0.0,24.0,8.0,22.0,0.0,4.0,8.0,8.0,away,2021-11-22,2021,4431678,TyreseMaxey,phi
4,POR,L118-111,35.0,52.9,25.0,100.0,3.0,9.0,0.0,2.0,3.0,0.0,28.0,9.0,17.0,1.0,4.0,9.0,9.0,away,2021-11-20,2021,4431678,TyreseMaxey,phi
5,DEN,W103-89,35.0,60.0,66.7,50.0,5.0,4.0,1.0,1.0,0.0,0.0,22.0,9.0,15.0,2.0,3.0,2.0,4.0,away,2021-11-18,2021,4431678,TyreseMaxey,phi
6,UTAH,L120-85,29.0,50.0,50.0,0.0,4.0,2.0,0.0,0.0,1.0,1.0,16.0,7.0,14.0,2.0,4.0,0.0,0.0,away,2021-11-16,2021,4431678,TyreseMaxey,phi
7,IND,L118-113,43.0,66.7,75.0,100.0,2.0,3.0,0.0,0.0,5.0,1.0,24.0,10.0,15.0,3.0,4.0,1.0,1.0,away,2021-11-13,2021,4431678,TyreseMaxey,phi
8,TOR,L115-109,40.0,63.2,33.3,100.0,4.0,5.0,2.0,1.0,2.0,2.0,33.0,12.0,19.0,1.0,3.0,8.0,8.0,home,2021-11-11,2021,4431678,TyreseMaxey,phi
9,MIL,L118-109,39.0,50.0,44.4,100.0,5.0,4.0,1.0,1.0,2.0,0.0,31.0,12.0,24.0,4.0,9.0,3.0,3.0,home,2021-11-09,2021,4431678,TyreseMaxey,phi
10,NY,L103-96,39.0,31.6,50.0,50.0,9.0,5.0,1.0,2.0,3.0,0.0,16.0,6.0,19.0,3.0,6.0,1.0,2.0,home,2021-11-08,2021,4431678,TyreseMaxey,phi
11,CHI,W114-105,44.0,55.6,0.0,0.0,3.0,8.0,1.0,1.0,1.0,1.0,10.0,5.0,9.0,0.0,1.0,0.0,0.0,away,2021-11-06,2021,4431678,TyreseMaxey,phi
12,DET,W109-98,45.0,66.7,50.0,100.0,4.0,5.0,0.0,2.0,2.0,1.0,20.0,8.0,12.0,2.0,4.0,2.0,2.0,away,2021-11-04,2021,4431678,TyreseMaxey,phi
13,CHI,W103-98,37.0,50.0,0.0,66.7,1.0,6.0,0.0,0.0,2.0,0.0,14.0,5.0,10.0,0.0,0.0,4.0,6.0,home,2021-11-03,2021,4431678,TyreseMaxey,phi
14,POR,W113-103,30.0,50.0,0.0,66.7,1.0,7.0,0.0,1.0,1.0,3.0,10.0,4.0,8.0,0.0,0.0,2.0,3.0,home,2021-11-01,2021,4431678,TyreseMaxey,phi
0,ATL,W122-94,25.0,75.0,50.0,100.0,0.0,3.0,1.0,1.0,3.0,2.0,16.0,6.0,8.0,1.0,2.0,3.0,3.0,home,2021-10-30,2021,4431678,TyreseMaxey,phi
1,DET,W110-102,31.0,75.0,100.0,100.0,6.0,6.0,2.0,0.0,2.0,4.0,16.0,6.0,8.0,2.0,2.0,2.0,2.0,home,2021-10-28,2021,4431678,TyreseMaxey,phi
2,NY,L112-99,30.0,33.3,0.0,100.0,2.0,3.0,0.0,1.0,2.0,2.0,7.0,3.0,9.0,0.0,3.0,1.0,1.0,away,2021-10-26,2021,4431678,TyreseMaxey,phi
3,OKC,W115-103,34.0,30.8,0.0,85.7,5.0,2.0,1.0,0.0,5.0,3.0,14.0,4.0,13.0,0.0,4.0,6.0,7.0,away,2021-10-24,2021,4431678,TyreseMaxey,phi
4,BKN,L114-109,36.0,41.2,20.0,0.0,2.0,2.0,0.0,1.0,3.0,0.0,15.0,7.0,17.0,1.0,5.0,0.0,0.0,home,2021-10-22,2021,4431678,TyreseMaxey,phi
5,NO,W117-97,34.0,57.1,66.7,100.0,7.0,5.0,0.0,0.0,2.0,1.0,20.0,8.0,14.0,2.0,3.0,2.0,2.0,away,2021-10-20,2021,4431678,TyreseMaxey,phi
0,HOU,W133-113,21.0,28.6,33.3,0.0,2.0,2.0,1.0,1.0,3.0,0.0,5.0,2.0,7.0,1.0,3.0,0.0,0.0,home,2022-01-03,2021,3915195,ShakeMilton,phi
0,BKN,W110-102,11.0,0.0,0.0,0.0,1.0,1.0,0.0,1.0,1.0,1.0,0.0,0.0,6.0,0.0,1.0,0.0,0.0,away,2021-12-30,2021,3915195,ShakeMilton,phi
1,BKN,L114-105,34.0,38.5,40.0,50.0,6.0,0.0,1.0,1.0,5.0,3.0,13.0,5.0,13.0,2.0,5.0,1.0,2.0,away,2021-12-16,2021,3915195,ShakeMilton,phi
2,MIA,L101-96,22.0,28.6,0.0,66.7,0.0,5.0,0.0,1.0,2.0,1.0,6.0,2.0,7.0,0.0,1.0,2.0,3.0,home,2021-12-15,2021,3915195,ShakeMilton,phi
3,MEM,L126-91,30.0,44.4,33.3,75.0,4.0,5.0,0.0,1.0,3.0,3.0,12.0,4.0,9.0,1.0,3.0,3.0,4.0,away,2021-12-13,2021,3915195,ShakeMilton,phi
4,GS,W102-93,19.0,33.3,0.0,100.0,4.0,2.0,0.0,1.0,2.0,1.0,10.0,4.0,12.0,0.0,3.0,2.0,2.0,home,2021-12-11,2021,3915195,ShakeMilton,phi
5,UTAH,L118-96,24.0,28.6,0.0,100.0,3.0,2.0,0.0,1.0,1.0,0.0,7.0,2.0,7.0,0.0,2.0,3.0,3.0,home,2021-12-09,2021,3915195,ShakeMilton,phi
6,CHA,W110-106,22.0,60.0,66.7,0.0,3.0,3.0,1.0,0.0,2.0,1.0,8.0,3.0,5.0,2.0,3.0,0.0,0.0,away,2021-12-08,2021,3915195,ShakeMilton,phi
7,CHA,W127-124 OT,35.0,75.0,66.7,0.0,4.0,2.0,1.0,0.0,3.0,1.0,16.0,6.0,8.0,4.0,6.0,0.0,0.0,away,2021-12-06,2021,3915195,ShakeMilton,phi
8,ATL,W98-96,22.0,25.0,0.0,50.0,1.0,3.0,0.0,1.0,0.0,2.0,5.0,2.0,8.0,0.0,2.0,1.0,2.0,away,2021-12-03,2021,3915195,ShakeMilton,phi
9,BOS,L88-87,22.0,54.5,66.7,100.0,2.0,1.0,1.0,2.0,1.0,0.0,16.0,6.0,11.0,2.0,3.0,2.0,2.0,away,2021-12-01,2021,3915195,ShakeMilton,phi
0,ORL,W101-96,18.0,37.5,0.0,0.0,2.0,3.0,0.0,2.0,3.0,0.0,6.0,3.0,8.0,0.0,2.0,0.0,0.0,home,2021-11-29,2021,3915195,ShakeMilton,phi
1,GS,L116-96,24.0,42.9,33.3,100.0,4.0,4.0,2.0,1.0,0.0,1.0,9.0,3.0,7.0,1.0,3.0,2.0,2.0,away,2021-11-24,2021,3915195,ShakeMilton,phi
2,SAC,W102-94,36.0,50.0,40.0,100.0,2.0,1.0,1.0,1.0,2.0,1.0,16.0,6.0,12.0,2.0,5.0,2.0,2.0,away,2021-11-22,2021,3915195,ShakeMilton,phi
3,POR,L118-111,16.0,42.9,0.0,0.0,3.0,2.0,0.0,0.0,0.0,1.0,6.0,3.0,7.0,0.0,1.0,0.0,0.0,away,2021-11-20,2021,3915195,ShakeMilton,phi
4,DEN,W103-89,29.0,62.5,50.0,0.0,5.0,4.0,1.0,0.0,2.0,2.0,12.0,5.0,8.0,2.0,4.0,0.0,0.0,away,2021-11-18,2021,3915195,ShakeMilton,phi
5,UTAH,L120-85,35.0,36.8,0.0,80.0,3.0,4.0,0.0,0.0,1.0,0.0,18.0,7.0,19.0,0.0,3.0,4.0,5.0,away,2021-11-16,2021,3915195,ShakeMilton,phi
6,IND,L118-113,22.0,25.0,0.0,100.0,1.0,0.0,0.0,0.0,4.0,1.0,7.0,2.0,8.0,0.0,1.0,3.0,3.0,away,2021-11-13,2021,3915195,ShakeMilton,phi
7,TOR,L115-109,17.0,83.3,50.0,50.0,2.0,0.0,0.0,0.0,2.0,2.0,12.0,5.0,6.0,1.0,2.0,1.0,2.0,home,2021-11-11,2021,3915195,ShakeMilton,phi
8,MIL,L118-109,42.0,43.8,25.0,100.0,4.0,6.0,0.0,0.0,3.0,1.0,20.0,7.0,16.0,1.0,4.0,5.0,5.0,home,2021-11-09,2021,3915195,ShakeMilton,phi
9,NY,L103-96,22.0,30.8,0.0,100.0,1.0,2.0,0.0,0.0,1.0,1.0,10.0,4.0,13.0,0.0,1.0,2.0,2.0,home,2021-11-08,2021,3915195,ShakeMilton,phi
10,CHI,W114-105,36.0,40.0,0.0,100.0,7.0,6.0,1.0,2.0,2.0,0.0,13.0,4.0,10.0,0.0,2.0,5.0,5.0,away,2021-11-06,2021,3915195,ShakeMilton,phi
11,DET,W109-98,34.0,53.8,40.0,0.0,8.0,5.0,0.0,2.0,3.0,3.0,16.0,7.0,13.0,2.0,5.0,0.0,1.0,away,2021-11-04,2021,3915195,ShakeMilton,phi
12,CHI,W103-98,20.0,60.0,33.3,0.0,3.0,2.0,0.0,1.0,3.0,2.0,7.0,3.0,5.0,1.0,3.0,0.0,0.0,home,2021-11-03,2021,3915195,ShakeMilton,phi
13,POR,W113-103,20.0,50.0,0.0,100.0,1.0,3.0,0.0,0.0,1.0,2.0,10.0,4.0,8.0,0.0,2.0,2.0,2.0,home,2021-11-01,2021,3915195,ShakeMilton,phi
0,ATL,W122-94,19.0,45.5,16.7,0.0,4.0,2.0,0.0,1.0,4.0,0.0,11.0,5.0,11.0,1.0,6.0,0.0,0.0,home,2021-10-30,2021,3915195,ShakeMilton,phi
1,DET,W110-102,16.0,50.0,66.7,100.0,1.0,5.0,1.0,0.0,2.0,1.0,13.0,5.0,10.0,2.0,3.0,1.0,1.0,home,2021-10-28,2021,3915195,ShakeMilton,phi
0,ORL,W116-106,29.0,40.0,33.3,75.0,6.0,1.0,0.0,0.0,1.0,0.0,8.0,2.0,5.0,1.0,3.0,3.0,4.0,away,2022-01-05,2021,2990969,GeorgesNiang,phi
1,HOU,W133-113,18.0,50.0,40.0,0.0,4.0,0.0,0.0,0.0,3.0,0.0,8.0,3.0,6.0,2.0,5.0,0.0,0.0,home,2022-01-03,2021,2990969,GeorgesNiang,phi
0,BKN,W110-102,19.0,33.3,50.0,0.0,4.0,0.0,0.0,0.0,4.0,0.0,9.0,3.0,9.0,3.0,6.0,0.0,0.0,away,2021-12-30,2021,2990969,GeorgesNiang,phi
1,TOR,W114-109,22.0,70.0,62.5,0.0,3.0,2.0,0.0,0.0,2.0,0.0,19.0,7.0,10.0,5.0,8.0,0.0,0.0,away,2021-12-28,2021,2990969,GeorgesNiang,phi
2,WSH,W117-96,17.0,33.3,50.0,0.0,5.0,0.0,0.0,1.0,1.0,0.0,6.0,2.0,6.0,2.0,4.0,0.0,0.0,away,2021-12-26,2021,2990969,GeorgesNiang,phi
3,MEM,L126-91,27.0,42.9,0.0,0.0,2.0,0.0,0.0,0.0,2.0,3.0,6.0,3.0,7.0,0.0,3.0,0.0,2.0,away,2021-12-13,2021,2990969,GeorgesNiang,phi
4,GS,W102-93,14.0,50.0,100.0,0.0,1.0,0.0,0.0,0.0,0.0,1.0,3.0,1.0,2.0,1.0,1.0,0.0,0.0,home,2021-12-11,2021,2990969,GeorgesNiang,phi
5,UTAH,L118-96,16.0,57.1,25.0,0.0,3.0,0.0,0.0,0.0,3.0,0.0,9.0,4.0,7.0,1.0,4.0,0.0,0.0,home,2021-12-09,2021,2990969,GeorgesNiang,phi
6,CHA,W110-106,15.0,50.0,33.3,0.0,0.0,0.0,0.0,1.0,2.0,1.0,5.0,2.0,4.0,1.0,3.0,0.0,0.0,away,2021-12-08,2021,2990969,GeorgesNiang,phi
7,CHA,W127-124 OT,17.0,50.0,100.0,100.0,1.0,2.0,1.0,0.0,1.0,0.0,7.0,2.0,4.0,2.0,2.0,1.0,1.0,away,2021-12-06,2021,2990969,GeorgesNiang,phi
8,ATL,W98-96,29.0,62.5,60.0,0.0,4.0,3.0,0.0,2.0,4.0,1.0,13.0,5.0,8.0,3.0,5.0,0.0,0.0,away,2021-12-03,2021,2990969,GeorgesNiang,phi
9,BOS,L88-87,19.0,40.0,0.0,100.0,1.0,0.0,1.0,0.0,0.0,0.0,12.0,4.0,10.0,0.0,5.0,4.0,4.0,away,2021-12-01,2021,2990969,GeorgesNiang,phi
0,ORL,W101-96,15.0,33.3,28.6,0.0,2.0,1.0,0.0,0.0,0.0,1.0,8.0,3.0,9.0,2.0,7.0,0.0,0.0,home,2021-11-29,2021,2990969,GeorgesNiang,phi
1,MIN,L121-120 2OT,22.0,40.0,50.0,0.0,2.0,2.0,1.0,0.0,1.0,0.0,6.0,2.0,5.0,2.0,4.0,0.0,0.0,home,2021-11-27,2021,2990969,GeorgesNiang,phi
2,GS,L116-96,26.0,36.4,33.3,0.0,4.0,2.0,0.0,0.0,6.0,3.0,9.0,4.0,11.0,1.0,3.0,0.0,0.0,away,2021-11-24,2021,2990969,GeorgesNiang,phi
3,SAC,W102-94,39.0,30.8,22.2,100.0,5.0,2.0,0.0,0.0,3.0,1.0,12.0,4.0,13.0,2.0,9.0,2.0,2.0,away,2021-11-22,2021,2990969,GeorgesNiang,phi
4,POR,L118-111,35.0,54.5,50.0,0.0,4.0,2.0,1.0,0.0,5.0,0.0,15.0,6.0,11.0,3.0,6.0,0.0,0.0,away,2021-11-20,2021,2990969,GeorgesNiang,phi
5,DEN,W103-89,35.0,50.0,50.0,0.0,5.0,3.0,1.0,0.0,3.0,2.0,11.0,4.0,8.0,3.0,6.0,0.0,0.0,away,2021-11-18,2021,2990969,GeorgesNiang,phi
6,UTAH,L120-85,30.0,50.0,50.0,0.0,3.0,0.0,0.0,2.0,1.0,1.0,7.0,3.0,6.0,1.0,2.0,0.0,0.0,away,2021-11-16,2021,2990969,GeorgesNiang,phi
7,IND,L118-113,26.0,28.6,0.0,100.0,3.0,1.0,0.0,4.0,2.0,2.0,6.0,2.0,7.0,0.0,3.0,2.0,2.0,away,2021-11-13,2021,2990969,GeorgesNiang,phi
8,TOR,L115-109,21.0,37.5,25.0,0.0,1.0,4.0,0.0,1.0,2.0,1.0,7.0,3.0,8.0,1.0,4.0,0.0,0.0,home,2021-11-11,2021,2990969,GeorgesNiang,phi
9,MIL,L118-109,24.0,50.0,71.4,100.0,2.0,1.0,0.0,2.0,6.0,1.0,21.0,7.0,14.0,5.0,7.0,2.0,2.0,home,2021-11-09,2021,2990969,GeorgesNiang,phi
10,NY,L103-96,25.0,40.0,14.3,100.0,1.0,0.0,0.0,0.0,2.0,0.0,15.0,6.0,15.0,1.0,7.0,2.0,2.0,home,2021-11-08,2021,2990969,GeorgesNiang,phi
11,CHI,W114-105,25.0,30.0,33.3,100.0,1.0,2.0,0.0,1.0,5.0,0.0,12.0,3.0,10.0,2.0,6.0,4.0,4.0,away,2021-11-06,2021,2990969,GeorgesNiang,phi
12,DET,W109-98,32.0,36.4,30.0,75.0,7.0,2.0,0.0,1.0,3.0,1.0,14.0,4.0,11.0,3.0,10.0,3.0,4.0,away,2021-11-04,2021,2990969,GeorgesNiang,phi
13,CHI,W103-98,32.0,50.0,50.0,100.0,3.0,1.0,0.0,1.0,2.0,0.0,18.0,6.0,12.0,4.0,8.0,2.0,2.0,home,2021-11-03,2021,2990969,GeorgesNiang,phi
14,POR,W113-103,31.0,43.8,33.3,80.0,5.0,5.0,1.0,0.0,2.0,1.0,21.0,7.0,16.0,3.0,9.0,4.0,5.0,home,2021-11-01,2021,2990969,GeorgesNiang,phi
0,ATL,W122-94,18.0,28.6,16.7,0.0,3.0,2.0,0.0,0.0,3.0,0.0,5.0,2.0,7.0,1.0,6.0,0.0,0.0,home,2021-10-30,2021,2990969,GeorgesNiang,phi
1,DET,W110-102,16.0,50.0,50.0,0.0,2.0,1.0,0.0,0.0,2.0,2.0,8.0,3.0,6.0,2.0,4.0,0.0,0.0,home,2021-10-28,2021,2990969,GeorgesNiang,phi
2,NY,L112-99,22.0,71.4,60.0,0.0,3.0,1.0,0.0,1.0,2.0,0.0,13.0,5.0,7.0,3.0,5.0,0.0,0.0,away,2021-10-26,2021,2990969,GeorgesNiang,phi
3,OKC,W115-103,20.0,50.0,75.0,100.0,2.0,3.0,0.0,0.0,3.0,1.0,12.0,4.0,8.0,3.0,4.0,1.0,1.0,away,2021-10-24,2021,2990969,GeorgesNiang,phi
4,BKN,L114-109,13.0,28.6,20.0,0.0,0.0,0.0,1.0,0.0,3.0,0.0,5.0,2.0,7.0,1.0,5.0,0.0,0.0,home,2021-10-22,2021,2990969,GeorgesNiang,phi
5,NO,W117-97,18.0,80.0,75.0,0.0,0.0,1.0,1.0,0.0,1.0,0.0,11.0,4.0,5.0,3.0,4.0,0.0,0.0,away,2021-10-20,2021,2990969,GeorgesNiang,phi
0,ORL,W116-106,3.0,0.0,0.0,0.0,0.0,0.0,0.0,0.0,2.0,0.0,0.0,0.0,0.0,0.0,0.0,0.0,0.0,away,2022-01-05,2021,4065816,MylesPowell,phi
0,WSH,W117-96,4.0,50.0,100.0,0.0,1.0,0.0,0.0,0.0,1.0,0.0,3.0,1.0,2.0,1.0,1.0,0.0,0.0,away,2021-12-26,2021,4065816,MylesPowell,phi
1,BOS,W108-103,8.0,0.0,0.0,0.0,0.0,0.0,0.0,0.0,0.0,0.0,0.0,0.0,2.0,0.0,1.0,0.0,0.0,away,2021-12-20,2021,4065816,MylesPowell,phi
0,HOU,W133-113,6.0,33.3,0.0,0.0,1.0,0.0,0.0,2.0,2.0,0.0,2.0,1.0,3.0,0.0,0.0,0.0,0.0,home,2022-01-03,2021,4278562,PaulReed,phi
0,TOR,W114-109,14.0,0.0,0.0,50.0,3.0,1.0,1.0,1.0,2.0,0.0,3.0,0.0,1.0,0.0,0.0,3.0,6.0,away,2021-12-28,2021,4278562,PaulReed,phi
1,WSH,W117-96,11.0,100.0,0.0,0.0,3.0,0.0,0.0,0.0,3.0,1.0,2.0,1.0,1.0,0.0,0.0,0.0,0.0,away,2021-12-26,2021,4278562,PaulReed,phi
2,ATL,L98-96,6.0,0.0,0.0,0.0,1.0,1.0,0.0,0.0,0.0,0.0,0.0,0.0,0.0,0.0,0.0,0.0,0.0,home,2021-12-23,2021,4278562,PaulReed,phi
3,MIA,L101-96,5.0,0.0,0.0,0.0,0.0,0.0,0.0,0.0,0.0,0.0,0.0,0.0,2.0,0.0,1.0,0.0,0.0,home,2021-12-15,2021,4278562,PaulReed,phi
0,GS,L116-96,2.0,0.0,0.0,0.0,1.0,0.0,1.0,0.0,0.0,0.0,0.0,0.0,1.0,0.0,0.0,0.0,0.0,away,2021-11-24,2021,4278562,PaulReed,phi
1,SAC,W102-94,6.0,50.0,0.0,0.0,1.0,1.0,0.0,0.0,1.0,0.0,2.0,1.0,2.0,0.0,1.0,0.0,0.0,away,2021-11-22,2021,4278562,PaulReed,phi
2,UTAH,L120-85,14.0,33.3,0.0,0.0,4.0,0.0,0.0,0.0,1.0,2.0,2.0,1.0,3.0,0.0,0.0,0.0,0.0,away,2021-11-16,2021,4278562,PaulReed,phi
3,IND,L118-113,7.0,0.0,0.0,0.0,1.0,1.0,1.0,0.0,1.0,1.0,0.0,0.0,1.0,0.0,0.0,0.0,0.0,away,2021-11-13,2021,4278562,PaulReed,phi
4,TOR,L115-109,13.0,100.0,0.0,0.0,2.0,0.0,1.0,3.0,3.0,0.0,4.0,2.0,2.0,0.0,0.0,0.0,0.0,home,2021-11-11,2021,4278562,PaulReed,phi
5,MIL,L118-109,24.0,42.9,0.0,0.0,6.0,0.0,2.0,3.0,3.0,1.0,6.0,3.0,7.0,0.0,1.0,0.0,0.0,home,2021-11-09,2021,4278562,PaulReed,phi
6,NY,L103-96,5.0,0.0,0.0,0.0,3.0,1.0,0.0,1.0,0.0,0.0,0.0,0.0,0.0,0.0,0.0,0.0,0.0,home,2021-11-08,2021,4278562,PaulReed,phi
7,CHI,W114-105,22.0,83.3,0.0,0.0,5.0,0.0,1.0,1.0,4.0,2.0,10.0,5.0,6.0,0.0,0.0,0.0,0.0,away,2021-11-06,2021,4278562,PaulReed,phi
8,DET,W109-98,15.0,40.0,0.0,0.0,9.0,1.0,0.0,0.0,2.0,0.0,4.0,2.0,5.0,0.0,1.0,0.0,0.0,away,2021-11-04,2021,4278562,PaulReed,phi
9,POR,W113-103,9.0,66.7,0.0,0.0,0.0,0.0,2.0,0.0,3.0,0.0,4.0,2.0,3.0,0.0,0.0,0.0,0.0,home,2021-11-01,2021,4278562,PaulReed,phi
0,ATL,W122-94,4.0,0.0,0.0,0.0,0.0,0.0,0.0,0.0,1.0,0.0,0.0,0.0,0.0,0.0,0.0,0.0,0.0,home,2021-10-30,2021,4278562,PaulReed,phi
1,NY,L112-99,3.0,0.0,0.0,0.0,1.0,1.0,0.0,0.0,1.0,0.0,0.0,0.0,0.0,0.0,0.0,0.0,0.0,away,2021-10-26,2021,4278562,PaulReed,phi
2,OKC,W115-103,9.0,50.0,0.0,0.0,5.0,2.0,1.0,1.0,1.0,0.0,2.0,1.0,2.0,0.0,0.0,0.0,0.0,away,2021-10-24,2021,4278562,PaulReed,phi
3,NO,W117-97,3.0,33.3,0.0,0.0,0.0,1.0,0.0,0.0,0.0,0.0,2.0,1.0,3.0,0.0,0.0,0.0,0.0,away,2021-10-20,2021,4278562,PaulReed,phi
0,WSH,W117-96,4.0,100.0,0.0,0.0,2.0,0.0,2.0,0.0,0.0,1.0,2.0,1.0,1.0,0.0,0.0,0.0,0.0,away,2021-12-26,2021,4432164,JadenSpringer,phi
0,NO,W117-97,2.0,0.0,0.0,0.0,0.0,0.0,0.0,0.0,0.0,0.0,0.0,0.0,0.0,0.0,0.0,0.0,0.0,away,2021-10-20,2021,4432164,JadenSpringer,phi
0,BKN,W110-102,39.0,60.0,0.0,0.0,4.0,1.0,2.0,3.0,5.0,0.0,6.0,3.0,5.0,0.0,2.0,0.0,0.0,away,2021-12-30,2021,3907498,MatisseThybulle,phi
1,TOR,W114-109,37.0,42.9,33.3,0.0,4.0,0.0,1.0,0.0,4.0,0.0,7.0,3.0,7.0,1.0,3.0,0.0,0.0,away,2021-12-28,2021,3907498,MatisseThybulle,phi
2,WSH,W117-96,28.0,0.0,0.0,0.0,4.0,3.0,1.0,2.0,5.0,0.0,0.0,0.0,1.0,0.0,1.0,0.0,0.0,away,2021-12-26,2021,3907498,MatisseThybulle,phi
3,ATL,L98-96,31.0,50.0,0.0,0.0,3.0,2.0,2.0,1.0,2.0,0.0,8.0,4.0,8.0,0.0,3.0,0.0,0.0,home,2021-12-23,2021,3907498,MatisseThybulle,phi
4,BOS,W108-103,32.0,60.0,33.3,0.0,3.0,1.0,1.0,3.0,6.0,2.0,7.0,3.0,5.0,1.0,3.0,0.0,0.0,away,2021-12-20,2021,3907498,MatisseThybulle,phi
5,BKN,L114-105,18.0,60.0,50.0,0.0,2.0,1.0,0.0,2.0,1.0,0.0,8.0,3.0,5.0,2.0,4.0,0.0,0.0,away,2021-12-16,2021,3907498,MatisseThybulle,phi
6,MIA,L101-96,14.0,0.0,0.0,0.0,0.0,1.0,2.0,1.0,3.0,1.0,0.0,0.0,5.0,0.0,3.0,0.0,0.0,home,2021-12-15,2021,3907498,MatisseThybulle,phi
7,MEM,L126-91,21.0,33.3,50.0,50.0,1.0,0.0,0.0,2.0,1.0,1.0,4.0,1.0,3.0,1.0,2.0,1.0,2.0,away,2021-12-13,2021,3907498,MatisseThybulle,phi
8,GS,W102-93,34.0,40.0,66.7,0.0,2.0,1.0,2.0,0.0,4.0,0.0,6.0,2.0,5.0,2.0,3.0,0.0,0.0,home,2021-12-11,2021,3907498,MatisseThybulle,phi
9,UTAH,L118-96,19.0,37.5,20.0,0.0,1.0,1.0,0.0,1.0,0.0,2.0,7.0,3.0,8.0,1.0,5.0,0.0,0.0,home,2021-12-09,2021,3907498,MatisseThybulle,phi
10,CHA,W110-106,21.0,28.6,0.0,0.0,0.0,0.0,0.0,1.0,1.0,0.0,4.0,2.0,7.0,0.0,3.0,0.0,0.0,away,2021-12-08,2021,3907498,MatisseThybulle,phi
11,CHA,W127-124 OT,20.0,100.0,0.0,0.0,2.0,2.0,0.0,1.0,3.0,0.0,2.0,1.0,1.0,0.0,0.0,0.0,0.0,away,2021-12-06,2021,3907498,MatisseThybulle,phi
12,ATL,W98-96,24.0,0.0,0.0,0.0,4.0,1.0,0.0,0.0,5.0,0.0,0.0,0.0,1.0,0.0,1.0,0.0,0.0,away,2021-12-03,2021,3907498,MatisseThybulle,phi
13,BOS,L88-87,22.0,33.3,20.0,0.0,3.0,1.0,1.0,1.0,3.0,2.0,5.0,2.0,6.0,1.0,5.0,0.0,0.0,away,2021-12-01,2021,3907498,MatisseThybulle,phi
0,ORL,W101-96,20.0,60.0,50.0,0.0,1.0,0.0,1.0,0.0,3.0,2.0,7.0,3.0,5.0,1.0,2.0,0.0,0.0,home,2021-11-29,2021,3907498,MatisseThybulle,phi
1,MIN,L121-120 2OT,29.0,50.0,0.0,0.0,5.0,1.0,0.0,3.0,3.0,1.0,6.0,3.0,6.0,0.0,2.0,0.0,0.0,home,2021-11-27,2021,3907498,MatisseThybulle,phi
2,GS,L116-96,33.0,60.0,33.3,0.0,5.0,2.0,2.0,3.0,2.0,3.0,7.0,3.0,5.0,1.0,3.0,0.0,0.0,away,2021-11-24,2021,3907498,MatisseThybulle,phi
3,SAC,W102-94,33.0,75.0,33.3,100.0,2.0,0.0,2.0,3.0,0.0,0.0,15.0,6.0,8.0,1.0,3.0,2.0,2.0,away,2021-11-22,2021,3907498,MatisseThybulle,phi
4,POR,L118-111,21.0,60.0,50.0,100.0,1.0,0.0,1.0,1.0,3.0,1.0,9.0,3.0,5.0,1.0,2.0,2.0,2.0,away,2021-11-20,2021,3907498,MatisseThybulle,phi
5,DET,W109-98,30.0,28.6,25.0,0.0,2.0,1.0,3.0,1.0,1.0,1.0,5.0,2.0,7.0,1.0,4.0,0.0,0.0,away,2021-11-04,2021,3907498,MatisseThybulle,phi
6,CHI,W103-98,38.0,75.0,66.7,0.0,4.0,1.0,2.0,3.0,3.0,0.0,8.0,3.0,4.0,2.0,3.0,0.0,0.0,home,2021-11-03,2021,3907498,MatisseThybulle,phi
7,POR,W113-103,27.0,25.0,0.0,0.0,0.0,1.0,1.0,3.0,3.0,2.0,2.0,1.0,4.0,0.0,2.0,0.0,0.0,home,2021-11-01,2021,3907498,MatisseThybulle,phi
0,ATL,W122-94,23.0,57.1,33.3,100.0,3.0,2.0,3.0,4.0,1.0,1.0,11.0,4.0,7.0,1.0,3.0,2.0,2.0,home,2021-10-30,2021,3907498,MatisseThybulle,phi
1,DET,W110-102,16.0,66.7,100.0,0.0,2.0,3.0,0.0,3.0,2.0,0.0,5.0,2.0,3.0,1.0,1.0,0.0,0.0,home,2021-10-28,2021,3907498,MatisseThybulle,phi
2,NY,L112-99,20.0,60.0,0.0,0.0,3.0,0.0,2.0,1.0,1.0,0.0,6.0,3.0,5.0,0.0,1.0,0.0,0.0,away,2021-10-26,2021,3907498,MatisseThybulle,phi
3,OKC,W115-103,20.0,25.0,33.3,0.0,4.0,1.0,3.0,1.0,2.0,1.0,3.0,1.0,4.0,1.0,3.0,0.0,0.0,away,2021-10-24,2021,3907498,MatisseThybulle,phi
4,BKN,L114-109,23.0,66.7,0.0,0.0,1.0,3.0,0.0,1.0,2.0,2.0,4.0,2.0,3.0,0.0,1.0,0.0,0.0,home,2021-10-22,2021,3907498,MatisseThybulle,phi
5,NO,W117-97,27.0,33.3,0.0,0.0,1.0,0.0,1.0,4.0,0.0,1.0,2.0,1.0,3.0,0.0,1.0,0.0,0.0,away,2021-10-20,2021,3907498,MatisseThybulle,phi
0,SA,W119-100,2.0,0.0,0.0,0.0,2.0,0.0,1.0,0.0,1.0,0.0,0.0,0.0,1.0,0.0,0.0,0.0,0.0,home,2022-01-07,2021,4397886,CharlesBassey,phi
0,SA,W119-100,12.0,50.0,0.0,100.0,3.0,1.0,1.0,2.0,1.0,1.0,3.0,1.0,2.0,0.0,0.0,1.0,1.0,home,2022-01-07,2021,4066508,CharlieBrown Jr.,phi
0,SA,W119-100,37.0,55.6,37.5,0.0,7.0,7.0,0.0,0.0,3.0,1.0,23.0,10.0,18.0,3.0,8.0,0.0,0.0,home,2022-01-07,2021,2326307,SethCurry,phi
0,SA,W119-100,14.0,50.0,0.0,50.0,6.0,2.0,0.0,3.0,3.0,4.0,5.0,2.0,4.0,0.0,0.0,1.0,2.0,home,2022-01-07,2021,6585,AndreDrummond,phi
0,SA,W119-100,32.0,43.5,0.0,73.3,12.0,7.0,1.0,0.0,1.0,4.0,31.0,10.0,23.0,0.0,1.0,11.0,15.0,home,2022-01-07,2021,3059318,JoelEmbiid,phi
0,SA,W119-100,15.0,50.0,66.7,0.0,2.0,1.0,1.0,0.0,0.0,0.0,6.0,2.0,4.0,2.0,3.0,0.0,0.0,home,2022-01-07,2021,3988,DannyGreen,phi
0,SA,W119-100,34.0,75.0,0.0,83.3,7.0,5.0,0.0,0.0,2.0,0.0,23.0,9.0,12.0,0.0,0.0,5.0,6.0,home,2022-01-07,2021,6440,TobiasHarris,phi
0,SA,W119-100,2.0,50.0,0.0,0.0,0.0,0.0,0.0,0.0,1.0,0.0,2.0,1.0,2.0,0.0,0.0,0.0,0.0,home,2022-01-07,2021,4397209,AaronHenry,phi
0,SA,W119-100,33.0,27.3,16.7,0.0,5.0,2.0,0.0,0.0,1.0,1.0,7.0,3.0,11.0,1.0,6.0,0.0,0.0,home,2022-01-07,2021,3929325,FurkanKorkmaz,phi
0,SA,W119-100,20.0,50.0,33.3,0.0,2.0,1.0,0.0,0.0,4.0,2.0,5.0,2.0,4.0,1.0,3.0,0.0,0.0,home,2022-01-07,2021,2990969,GeorgesNiang,phi
0,SA,W119-100,2.0,0.0,0.0,100.0,0.0,0.0,0.0,0.0,1.0,0.0,2.0,0.0,0.0,0.0,0.0,2.0,2.0,home,2022-01-07,2021,4065816,MylesPowell,phi
0,SA,W119-100,33.0,100.0,100.0,100.0,2.0,1.0,0.0,2.0,0.0,0.0,12.0,5.0,5.0,1.0,1.0,1.0,1.0,home,2022-01-07,2021,3907498,MatisseThybulle,phi
0,CHA,L109-98,1.0,100.0,0.0,0.0,0.0,0.0,0.0,0.0,0.0,0.0,2.0,1.0,1.0,0.0,0.0,0.0,0.0,home,2022-01-12,2021,4397886,CharlesBassey,phi
1,HOU,W111-91,5.0,0.0,0.0,0.0,1.0,0.0,1.0,1.0,2.0,0.0,0.0,0.0,0.0,0.0,0.0,0.0,0.0,away,2022-01-10,2021,4397886,CharlesBassey,phi
0,CHA,L109-98,1.0,0.0,0.0,0.0,0.0,0.0,0.0,0.0,0.0,0.0,0.0,0.0,0.0,0.0,0.0,0.0,0.0,home,2022-01-12,2021,4066508,CharlieBrown Jr.,phi
1,HOU,W111-91,22.0,0.0,0.0,50.0,4.0,0.0,0.0,2.0,1.0,1.0,1.0,0.0,3.0,0.0,3.0,1.0,2.0,away,2022-01-10,2021,4066508,CharlieBrown Jr.,phi
0,CHA,L109-98,34.0,57.1,50.0,0.0,3.0,3.0,0.0,1.0,1.0,3.0,10.0,4.0,7.0,2.0,4.0,0.0,0.0,home,2022-01-12,2021,2326307,SethCurry,phi
0,CHA,L109-98,20.0,50.0,0.0,0.0,8.0,1.0,0.0,1.0,1.0,1.0,2.0,1.0,2.0,0.0,0.0,0.0,4.0,home,2022-01-12,2021,6585,AndreDrummond,phi
1,HOU,W111-91,17.0,75.0,0.0,33.3,10.0,3.0,1.0,1.0,2.0,1.0,13.0,6.0,8.0,0.0,0.0,1.0,3.0,away,2022-01-10,2021,6585,AndreDrummond,phi
0,CHA,L109-98,33.0,58.8,33.3,71.4,6.0,3.0,1.0,0.0,3.0,7.0,31.0,10.0,17.0,1.0,3.0,10.0,14.0,home,2022-01-12,2021,3059318,JoelEmbiid,phi
1,HOU,W111-91,26.0,56.3,0.0,100.0,8.0,6.0,2.0,1.0,3.0,2.0,31.0,9.0,16.0,0.0,1.0,13.0,13.0,away,2022-01-10,2021,3059318,JoelEmbiid,phi
0,CHA,L109-98,10.0,40.0,50.0,50.0,2.0,0.0,1.0,0.0,0.0,1.0,7.0,2.0,5.0,2.0,4.0,1.0,2.0,home,2022-01-12,2021,3988,DannyGreen,phi
1,HOU,W111-91,20.0,40.0,25.0,0.0,4.0,0.0,1.0,1.0,1.0,0.0,5.0,2.0,5.0,1.0,4.0,0.0,0.0,away,2022-01-10,2021,3988,DannyGreen,phi
0,CHA,L109-98,37.0,42.9,40.0,75.0,8.0,5.0,0.0,1.0,2.0,3.0,17.0,6.0,14.0,2.0,5.0,3.0,4.0,home,2022-01-12,2021,6440,TobiasHarris,phi
1,HOU,W111-91,25.0,35.3,20.0,0.0,4.0,4.0,2.0,1.0,1.0,2.0,13.0,6.0,17.0,1.0,5.0,0.0,0.0,away,2022-01-10,2021,6440,TobiasHarris,phi
0,CHA,L109-98,7.0,0.0,0.0,0.0,0.0,1.0,0.0,0.0,0.0,0.0,0.0,0.0,1.0,0.0,1.0,0.0,0.0,home,2022-01-12,2021,4395702,IsaiahJoe,phi
1,HOU,W111-91,25.0,40.0,33.3,0.0,3.0,3.0,0.0,0.0,1.0,0.0,10.0,4.0,10.0,2.0,6.0,0.0,0.0,away,2022-01-10,2021,4395702,IsaiahJoe,phi
0,HOU,W111-91,4.0,100.0,0.0,0.0,1.0,0.0,0.0,1.0,1.0,2.0,2.0,1.0,1.0,0.0,0.0,0.0,0.0,away,2022-01-10,2021,4066240,BraxtonKey,phi
0,CHA,L109-98,27.0,57.1,50.0,100.0,0.0,1.0,0.0,0.0,1.0,0.0,14.0,4.0,7.0,2.0,4.0,4.0,4.0,home,2022-01-12,2021,3929325,FurkanKorkmaz,phi
1,HOU,W111-91,28.0,50.0,50.0,0.0,6.0,2.0,0.0,1.0,1.0,2.0,12.0,5.0,10.0,2.0,4.0,0.0,0.0,away,2022-01-10,2021,3929325,FurkanKorkmaz,phi
0,CHA,L109-98,38.0,30.8,50.0,0.0,3.0,3.0,0.0,0.0,0.0,0.0,10.0,4.0,13.0,2.0,4.0,0.0,0.0,home,2022-01-12,2021,4431678,TyreseMaxey,phi
0,CHA,L109-98,15.0,33.3,33.3,0.0,0.0,1.0,0.0,0.0,5.0,1.0,3.0,1.0,3.0,1.0,3.0,0.0,0.0,home,2022-01-12,2021,2990969,GeorgesNiang,phi
1,HOU,W111-91,19.0,37.5,40.0,0.0,0.0,1.0,0.0,1.0,4.0,1.0,8.0,3.0,8.0,2.0,5.0,0.0,0.0,away,2022-01-10,2021,2990969,GeorgesNiang,phi
0,CHA,L109-98,1.0,100.0,0.0,0.0,0.0,0.0,0.0,0.0,0.0,0.0,2.0,1.0,1.0,0.0,0.0,0.0,0.0,home,2022-01-12,2021,4065816,MylesPowell,phi
1,HOU,W111-91,20.0,37.5,0.0,0.0,4.0,2.0,0.0,1.0,2.0,3.0,6.0,3.0,8.0,0.0,2.0,0.0,0.0,away,2022-01-10,2021,4065816,MylesPowell,phi
0,CHA,L109-98,1.0,0.0,0.0,0.0,0.0,0.0,0.0,0.0,0.0,0.0,0.0,0.0,0.0,0.0,0.0,0.0,0.0,home,2022-01-12,2021,4278562,PaulReed,phi
0,CHA,L109-98,16.0,0.0,0.0,0.0,3.0,0.0,1.0,0.0,0.0,0.0,0.0,0.0,2.0,0.0,2.0,0.0,0.0,home,2022-01-12,2021,3907498,MatisseThybulle,phi
1,HOU,W111-91,26.0,57.1,40.0,0.0,2.0,2.0,0.0,3.0,2.0,0.0,10.0,4.0,7.0,2.0,5.0,0.0,0.0,away,2022-01-10,2021,3907498,MatisseThybulle,phi
0,BOS,W111-99,2.0,0.0,0.0,0.0,0.0,0.0,0.0,0.0,1.0,0.0,0.0,0.0,1.0,0.0,1.0,0.0,0.0,home,2022-01-14,2021,4066508,CharlieBrown Jr.,phi
0,BOS,W111-99,36.0,41.7,55.6,100.0,2.0,7.0,1.0,1.0,2.0,4.0,17.0,5.0,12.0,5.0,9.0,2.0,2.0,home,2022-01-14,2021,2326307,SethCurry,phi
0,BOS,W111-99,16.0,80.0,0.0,50.0,8.0,2.0,0.0,1.0,4.0,1.0,9.0,4.0,5.0,0.0,0.0,1.0,2.0,home,2022-01-14,2021,6585,AndreDrummond,phi
0,BOS,W111-99,32.0,46.7,28.6,100.0,13.0,6.0,1.0,1.0,2.0,2.0,25.0,7.0,15.0,2.0,7.0,9.0,9.0,home,2022-01-14,2021,3059318,JoelEmbiid,phi
0,BOS,W111-99,39.0,46.7,16.7,100.0,9.0,2.0,0.0,1.0,3.0,2.0,17.0,7.0,15.0,1.0,6.0,2.0,2.0,home,2022-01-14,2021,6440,TobiasHarris,phi
0,BOS,W111-99,3.0,0.0,0.0,0.0,0.0,0.0,0.0,0.0,1.0,0.0,0.0,0.0,1.0,0.0,1.0,0.0,0.0,home,2022-01-14,2021,4395702,IsaiahJoe,phi
0,BOS,W111-99,27.0,37.5,0.0,100.0,3.0,2.0,0.0,1.0,1.0,0.0,7.0,3.0,8.0,0.0,4.0,1.0,1.0,home,2022-01-14,2021,3929325,FurkanKorkmaz,phi
0,BOS,W111-99,38.0,50.0,71.4,100.0,0.0,5.0,0.0,1.0,2.0,0.0,23.0,8.0,16.0,5.0,7.0,2.0,2.0,home,2022-01-14,2021,4431678,TyreseMaxey,phi
0,BOS,W111-99,18.0,16.7,0.0,100.0,1.0,1.0,0.0,1.0,1.0,0.0,5.0,1.0,6.0,0.0,3.0,3.0,3.0,home,2022-01-14,2021,2990969,GeorgesNiang,phi
0,BOS,W111-99,1.0,0.0,0.0,0.0,0.0,0.0,0.0,0.0,0.0,0.0,0.0,0.0,0.0,0.0,0.0,0.0,0.0,home,2022-01-14,2021,4065816,MylesPowell,phi
0,BOS,W111-99,28.0,50.0,33.3,25.0,4.0,1.0,2.0,5.0,2.0,0.0,8.0,3.0,6.0,1.0,3.0,1.0,4.0,home,2022-01-14,2021,3907498,MatisseThybulle,phi
0,WSH,L117-98,4.0,100.0,0.0,0.0,1.0,0.0,0.0,0.0,0.0,0.0,4.0,2.0,2.0,0.0,0.0,0.0,0.0,away,2022-01-17,2021,4397886,CharlesBassey,phi
0,WSH,L117-98,23.0,28.6,0.0,100.0,9.0,0.0,1.0,0.0,1.0,2.0,6.0,2.0,7.0,0.0,1.0,2.0,2.0,away,2022-01-17,2021,4066508,CharlieBrown Jr.,phi
1,MIA,W109-98,15.0,25.0,0.0,0.0,2.0,2.0,0.0,0.0,3.0,0.0,2.0,1.0,4.0,0.0,2.0,0.0,0.0,away,2022-01-15,2021,4066508,CharlieBrown Jr.,phi
0,WSH,L117-98,32.0,44.4,0.0,0.0,2.0,5.0,2.0,1.0,1.0,2.0,8.0,4.0,9.0,0.0,2.0,0.0,0.0,away,2022-01-17,2021,2326307,SethCurry,phi
1,MIA,W109-98,40.0,53.3,55.6,0.0,5.0,5.0,0.0,2.0,2.0,3.0,21.0,8.0,15.0,5.0,9.0,0.0,0.0,away,2022-01-15,2021,2326307,SethCurry,phi
0,WSH,L117-98,15.0,50.0,0.0,0.0,7.0,1.0,0.0,3.0,5.0,2.0,2.0,1.0,2.0,0.0,0.0,0.0,0.0,away,2022-01-17,2021,6585,AndreDrummond,phi
1,MIA,W109-98,11.0,0.0,0.0,50.0,4.0,2.0,1.0,2.0,2.0,2.0,1.0,0.0,0.0,0.0,0.0,1.0,2.0,away,2022-01-15,2021,6585,AndreDrummond,phi
0,WSH,L117-98,29.0,50.0,75.0,90.0,8.0,1.0,0.0,0.0,4.0,4.0,32.0,10.0,20.0,3.0,4.0,9.0,10.0,away,2022-01-17,2021,3059318,JoelEmbiid,phi
1,MIA,W109-98,36.0,54.5,0.0,72.7,12.0,3.0,1.0,1.0,2.0,2.0,32.0,12.0,22.0,0.0,3.0,8.0,11.0,away,2022-01-15,2021,3059318,JoelEmbiid,phi
0,WSH,L117-98,25.0,27.3,50.0,0.0,1.0,1.0,0.0,0.0,6.0,1.0,7.0,3.0,11.0,1.0,2.0,0.0,0.0,away,2022-01-17,2021,6440,TobiasHarris,phi
1,MIA,W109-98,42.0,69.2,100.0,100.0,8.0,3.0,1.0,0.0,1.0,3.0,22.0,9.0,13.0,3.0,3.0,1.0,1.0,away,2022-01-15,2021,6440,TobiasHarris,phi
0,WSH,L117-98,18.0,37.5,16.7,100.0,0.0,0.0,0.0,2.0,2.0,0.0,8.0,3.0,8.0,1.0,6.0,1.0,1.0,away,2022-01-17,2021,4395702,IsaiahJoe,phi
1,MIA,W109-98,4.0,0.0,0.0,0.0,0.0,1.0,0.0,0.0,0.0,1.0,0.0,0.0,1.0,0.0,1.0,0.0,0.0,away,2022-01-15,2021,4395702,IsaiahJoe,phi
0,WSH,L117-98,28.0,30.0,0.0,0.0,5.0,5.0,0.0,2.0,3.0,1.0,6.0,3.0,10.0,0.0,5.0,0.0,0.0,away,2022-01-17,2021,3929325,FurkanKorkmaz,phi
1,MIA,W109-98,25.0,40.0,0.0,100.0,0.0,2.0,0.0,0.0,2.0,1.0,6.0,2.0,5.0,0.0,2.0,2.0,2.0,away,2022-01-15,2021,3929325,FurkanKorkmaz,phi
0,WSH,L117-98,33.0,50.0,0.0,88.9,4.0,3.0,0.0,1.0,1.0,0.0,18.0,5.0,10.0,0.0,1.0,8.0,9.0,away,2022-01-17,2021,4431678,TyreseMaxey,phi
1,MIA,W109-98,40.0,36.4,25.0,80.0,7.0,4.0,2.0,0.0,4.0,2.0,13.0,4.0,11.0,1.0,4.0,4.0,5.0,away,2022-01-15,2021,4431678,TyreseMaxey,phi
0,WSH,L117-98,24.0,50.0,50.0,100.0,4.0,2.0,0.0,0.0,3.0,0.0,7.0,2.0,4.0,2.0,4.0,1.0,1.0,away,2022-01-17,2021,2990969,GeorgesNiang,phi
1,MIA,W109-98,25.0,50.0,50.0,0.0,5.0,2.0,0.0,0.0,6.0,1.0,12.0,4.0,8.0,4.0,8.0,0.0,0.0,away,2022-01-15,2021,2990969,GeorgesNiang,phi
0,WSH,L117-98,4.0,0.0,0.0,0.0,0.0,1.0,0.0,0.0,0.0,0.0,0.0,0.0,2.0,0.0,1.0,0.0,0.0,away,2022-01-17,2021,4065816,MylesPowell,phi
0,WSH,L117-98,4.0,0.0,0.0,0.0,1.0,0.0,0.0,0.0,0.0,0.0,0.0,0.0,1.0,0.0,0.0,0.0,2.0,away,2022-01-17,2021,4278562,PaulReed,phi
0,ORL,W123-110,4.0,0.0,0.0,0.0,1.0,1.0,0.0,0.0,2.0,0.0,0.0,0.0,1.0,0.0,1.0,0.0,0.0,home,2022-01-19,2021,4397886,CharlesBassey,phi
0,ORL,W123-110,17.0,33.3,100.0,0.0,0.0,0.0,1.0,0.0,1.0,0.0,3.0,1.0,3.0,1.0,1.0,0.0,0.0,home,2022-01-19,2021,4066508,CharlieBrown Jr.,phi
0,ORL,W123-110,33.0,28.6,25.0,0.0,8.0,3.0,1.0,0.0,0.0,0.0,5.0,2.0,7.0,1.0,4.0,0.0,0.0,home,2022-01-19,2021,2326307,SethCurry,phi
0,ORL,W123-110,17.0,50.0,0.0,100.0,5.0,0.0,2.0,2.0,3.0,4.0,9.0,4.0,8.0,0.0,0.0,1.0,1.0,home,2022-01-19,2021,6585,AndreDrummond,phi
0,ORL,W123-110,27.0,73.9,25.0,88.2,12.0,2.0,3.0,1.0,3.0,2.0,50.0,17.0,23.0,1.0,4.0,15.0,17.0,home,2022-01-19,2021,3059318,JoelEmbiid,phi
0,ORL,W123-110,35.0,61.5,33.3,80.0,4.0,4.0,1.0,2.0,1.0,0.0,21.0,8.0,13.0,1.0,3.0,4.0,5.0,home,2022-01-19,2021,6440,TobiasHarris,phi
0,ORL,W123-110,21.0,25.0,25.0,0.0,2.0,1.0,0.0,0.0,2.0,0.0,3.0,1.0,4.0,1.0,4.0,0.0,0.0,home,2022-01-19,2021,4395702,IsaiahJoe,phi
0,ORL,W123-110,23.0,60.0,50.0,50.0,6.0,5.0,0.0,0.0,1.0,2.0,8.0,3.0,5.0,1.0,2.0,1.0,2.0,home,2022-01-19,2021,3929325,FurkanKorkmaz,phi
0,ORL,W123-110,35.0,60.0,66.7,0.0,3.0,2.0,0.0,1.0,0.0,0.0,14.0,6.0,10.0,2.0,3.0,0.0,0.0,home,2022-01-19,2021,4431678,TyreseMaxey,phi
0,ORL,W123-110,25.0,37.5,33.3,100.0,3.0,3.0,0.0,1.0,2.0,1.0,10.0,3.0,8.0,2.0,6.0,2.0,2.0,home,2022-01-19,2021,2990969,GeorgesNiang,phi
0,ORL,W123-110,4.0,0.0,0.0,0.0,0.0,0.0,0.0,0.0,0.0,0.0,0.0,0.0,1.0,0.0,0.0,0.0,0.0,home,2022-01-19,2021,4065816,MylesPowell,phi
0,LAC,L102-101,22.0,0.0,0.0,100.0,7.0,0.0,0.0,1.0,3.0,0.0,2.0,0.0,4.0,0.0,0.0,2.0,2.0,home,2022-01-21,2021,4066508,CharlieBrown Jr.,phi
0,LAC,L102-101,11.0,40.0,0.0,50.0,11.0,1.0,1.0,0.0,1.0,2.0,5.0,2.0,5.0,0.0,0.0,1.0,2.0,home,2022-01-21,2021,6585,AndreDrummond,phi
0,LAC,L102-101,37.0,60.0,100.0,70.0,13.0,6.0,1.0,0.0,4.0,5.0,40.0,15.0,25.0,3.0,3.0,7.0,10.0,home,2022-01-21,2021,3059318,JoelEmbiid,phi
0,LAC,L102-101,40.0,47.1,50.0,60.0,7.0,4.0,1.0,3.0,2.0,0.0,20.0,8.0,17.0,1.0,2.0,3.0,5.0,home,2022-01-21,2021,6440,TobiasHarris,phi
0,LAC,L102-101,15.0,25.0,25.0,0.0,0.0,0.0,0.0,1.0,0.0,0.0,3.0,1.0,4.0,1.0,4.0,0.0,0.0,home,2022-01-21,2021,4395702,IsaiahJoe,phi
0,LAC,L102-101,39.0,28.6,16.7,0.0,0.0,3.0,0.0,1.0,2.0,0.0,5.0,2.0,7.0,1.0,6.0,0.0,0.0,home,2022-01-21,2021,3929325,FurkanKorkmaz,phi
0,LAC,L102-101,46.0,38.9,50.0,100.0,2.0,8.0,0.0,0.0,1.0,0.0,19.0,7.0,18.0,3.0,6.0,2.0,2.0,home,2022-01-21,2021,4431678,TyreseMaxey,phi
0,LAC,L102-101,30.0,27.3,14.3,0.0,4.0,1.0,0.0,1.0,4.0,0.0,7.0,3.0,11.0,1.0,7.0,0.0,0.0,home,2022-01-21,2021,2990969,GeorgesNiang,phi
0,SA,W115-109,27.0,50.0,0.0,100.0,4.0,1.0,0.0,2.0,2.0,0.0,7.0,3.0,6.0,0.0,0.0,1.0,1.0,away,2022-01-23,2021,4066508,CharlieBrown Jr.,phi
0,SA,W115-109,16.0,60.0,0.0,0.0,7.0,0.0,1.0,0.0,3.0,2.0,6.0,3.0,5.0,0.0,0.0,0.0,2.0,away,2022-01-23,2021,6585,AndreDrummond,phi
0,SA,W115-109,32.0,50.0,33.3,83.3,12.0,6.0,1.0,0.0,2.0,1.0,38.0,16.0,32.0,1.0,3.0,5.0,6.0,away,2022-01-23,2021,3059318,JoelEmbiid,phi
0,SA,W115-109,36.0,46.2,0.0,100.0,11.0,5.0,0.0,1.0,3.0,1.0,18.0,6.0,13.0,0.0,1.0,6.0,6.0,away,2022-01-23,2021,6440,TobiasHarris,phi
0,SA,W115-109,27.0,50.0,50.0,100.0,1.0,0.0,0.0,1.0,5.0,0.0,8.0,2.0,4.0,1.0,2.0,3.0,3.0,away,2022-01-23,2021,4395702,IsaiahJoe,phi
0,SA,W115-109,37.0,53.8,60.0,0.0,4.0,3.0,1.0,0.0,2.0,2.0,17.0,7.0,13.0,3.0,5.0,0.0,0.0,away,2022-01-23,2021,3929325,FurkanKorkmaz,phi
0,SA,W115-109,42.0,42.9,50.0,100.0,4.0,6.0,0.0,1.0,2.0,4.0,18.0,6.0,14.0,1.0,2.0,5.0,5.0,away,2022-01-23,2021,4431678,TyreseMaxey,phi
0,SA,W115-109,24.0,20.0,33.3,0.0,4.0,1.0,0.0,0.0,0.0,0.0,3.0,1.0,5.0,1.0,3.0,0.0,0.0,away,2022-01-23,2021,2990969,GeorgesNiang,phi
0,NO,W117-107,4.0,0.0,0.0,0.0,1.0,0.0,0.0,0.0,1.0,0.0,0.0,0.0,1.0,0.0,1.0,0.0,0.0,home,2022-01-25,2021,4066508,CharlieBrown Jr.,phi
0,NO,W117-107,15.0,50.0,0.0,0.0,5.0,1.0,0.0,1.0,2.0,0.0,4.0,2.0,4.0,0.0,1.0,0.0,0.0,home,2022-01-25,2021,6585,AndreDrummond,phi
0,NO,W117-107,33.0,50.0,0.0,90.0,14.0,4.0,4.0,0.0,5.0,3.0,42.0,12.0,24.0,0.0,3.0,18.0,20.0,home,2022-01-25,2021,3059318,JoelEmbiid,phi
0,NO,W117-107,39.0,68.4,100.0,100.0,11.0,2.0,2.0,1.0,1.0,3.0,33.0,13.0,19.0,3.0,3.0,4.0,4.0,home,2022-01-25,2021,6440,TobiasHarris,phi
0,NO,W117-107,22.0,33.3,33.3,0.0,2.0,3.0,0.0,0.0,2.0,1.0,6.0,2.0,6.0,2.0,6.0,0.0,0.0,home,2022-01-25,2021,4395702,IsaiahJoe,phi
0,NO,W117-107,37.0,30.0,28.6,100.0,3.0,2.0,1.0,0.0,1.0,0.0,13.0,3.0,10.0,2.0,7.0,5.0,5.0,home,2022-01-25,2021,3929325,FurkanKorkmaz,phi
0,NO,W117-107,35.0,40.0,50.0,0.0,3.0,5.0,0.0,0.0,4.0,1.0,10.0,4.0,10.0,2.0,4.0,0.0,0.0,home,2022-01-25,2021,4431678,TyreseMaxey,phi
0,NO,W117-107,21.0,40.0,33.3,100.0,1.0,6.0,0.0,0.0,4.0,2.0,6.0,2.0,5.0,1.0,3.0,1.0,1.0,home,2022-01-25,2021,2990969,GeorgesNiang,phi
0,NO,W117-107,33.0,20.0,0.0,100.0,4.0,3.0,1.0,2.0,2.0,0.0,3.0,1.0,5.0,0.0,3.0,1.0,1.0,home,2022-01-25,2021,3907498,MatisseThybulle,phi
0,LAL,W105-87,2.0,0.0,0.0,0.0,0.0,0.0,0.0,0.0,0.0,0.0,0.0,0.0,0.0,0.0,0.0,0.0,0.0,home,2022-01-27,2021,4066508,CharlieBrown Jr.,phi
0,LAL,W105-87,13.0,33.3,0.0,0.0,10.0,2.0,0.0,1.0,2.0,1.0,2.0,1.0,3.0,0.0,0.0,0.0,0.0,home,2022-01-27,2021,6585,AndreDrummond,phi
0,LAL,W105-87,35.0,45.0,0.0,61.5,9.0,7.0,2.0,1.0,2.0,4.0,26.0,9.0,20.0,0.0,5.0,8.0,13.0,home,2022-01-27,2021,3059318,JoelEmbiid,phi
0,LAL,W105-87,16.0,37.5,42.9,0.0,2.0,0.0,0.0,0.0,0.0,1.0,9.0,3.0,8.0,3.0,7.0,0.0,0.0,home,2022-01-27,2021,3988,DannyGreen,phi
0,LAL,W105-87,35.0,66.7,60.0,0.0,5.0,4.0,0.0,2.0,0.0,3.0,23.0,10.0,15.0,3.0,5.0,0.0,0.0,home,2022-01-27,2021,6440,TobiasHarris,phi
0,LAL,W105-87,15.0,33.3,50.0,0.0,1.0,0.0,0.0,0.0,0.0,0.0,3.0,1.0,3.0,1.0,2.0,0.0,0.0,home,2022-01-27,2021,4395702,IsaiahJoe,phi
0,LAL,W105-87,32.0,50.0,0.0,0.0,1.0,3.0,0.0,0.0,3.0,1.0,6.0,3.0,6.0,0.0,2.0,0.0,0.0,home,2022-01-27,2021,3929325,FurkanKorkmaz,phi
0,LAL,W105-87,39.0,35.7,33.3,50.0,7.0,10.0,2.0,0.0,4.0,2.0,14.0,5.0,14.0,2.0,6.0,2.0,4.0,home,2022-01-27,2021,4431678,TyreseMaxey,phi
0,LAL,W105-87,24.0,71.4,66.7,0.0,3.0,2.0,0.0,0.0,2.0,1.0,14.0,5.0,7.0,4.0,6.0,0.0,0.0,home,2022-01-27,2021,2990969,GeorgesNiang,phi
0,LAL,W105-87,2.0,0.0,0.0,0.0,1.0,0.0,0.0,0.0,0.0,0.0,0.0,0.0,0.0,0.0,0.0,0.0,0.0,home,2022-01-27,2021,4065816,MylesPowell,phi
0,LAL,W105-87,29.0,66.7,0.0,0.0,2.0,2.0,1.0,4.0,1.0,1.0,8.0,4.0,6.0,0.0,2.0,0.0,0.0,home,2022-01-27,2021,3907498,MatisseThybulle,phi
0,SAC,W103-101,3.0,0.0,0.0,0.0,0.0,0.0,0.0,0.0,1.0,1.0,0.0,0.0,0.0,0.0,0.0,0.0,0.0,home,2022-01-29,2021,4066508,CharlieBrown Jr.,phi
0,SAC,W103-101,32.0,30.0,28.6,0.0,2.0,5.0,1.0,1.0,4.0,2.0,8.0,3.0,10.0,2.0,7.0,0.0,0.0,home,2022-01-29,2021,2326307,SethCurry,phi
0,SAC,W103-101,13.0,100.0,0.0,50.0,8.0,0.0,1.0,1.0,1.0,2.0,3.0,1.0,1.0,0.0,0.0,1.0,2.0,home,2022-01-29,2021,6585,AndreDrummond,phi
0,SAC,W103-101,35.0,55.6,40.0,77.8,12.0,6.0,1.0,0.0,0.0,4.0,36.0,10.0,18.0,2.0,5.0,14.0,18.0,home,2022-01-29,2021,3059318,JoelEmbiid,phi
0,SAC,W103-101,16.0,80.0,75.0,0.0,1.0,0.0,0.0,1.0,0.0,0.0,11.0,4.0,5.0,3.0,4.0,0.0,0.0,home,2022-01-29,2021,3988,DannyGreen,phi
0,SAC,W103-101,32.0,58.3,50.0,100.0,8.0,2.0,0.0,1.0,3.0,2.0,16.0,7.0,12.0,1.0,2.0,1.0,1.0,home,2022-01-29,2021,6440,TobiasHarris,phi
0,SAC,W103-101,3.0,0.0,0.0,0.0,1.0,0.0,0.0,0.0,0.0,0.0,0.0,0.0,0.0,0.0,0.0,0.0,0.0,home,2022-01-29,2021,4395702,IsaiahJoe,phi
0,SAC,W103-101,17.0,25.0,0.0,75.0,1.0,1.0,0.0,3.0,1.0,1.0,5.0,1.0,4.0,0.0,3.0,3.0,4.0,home,2022-01-29,2021,3929325,FurkanKorkmaz,phi
0,SAC,W103-101,41.0,50.0,33.3,0.0,2.0,7.0,0.0,1.0,1.0,2.0,13.0,6.0,12.0,1.0,3.0,0.0,1.0,home,2022-01-29,2021,4431678,TyreseMaxey,phi
0,SAC,W103-101,28.0,20.0,25.0,0.0,1.0,3.0,0.0,0.0,2.0,2.0,3.0,1.0,5.0,1.0,4.0,0.0,0.0,home,2022-01-29,2021,2990969,GeorgesNiang,phi
0,SAC,W103-101,19.0,100.0,100.0,0.0,0.0,0.0,0.0,0.0,4.0,1.0,8.0,3.0,3.0,2.0,2.0,0.0,0.0,home,2022-01-29,2021,3907498,MatisseThybulle,phi
0,MEM,W122-119 OT,9.0,33.3,0.0,0.0,4.0,0.0,2.0,0.0,2.0,1.0,2.0,1.0,3.0,0.0,0.0,0.0,0.0,home,2022-01-31,2021,4397886,CharlesBassey,phi
0,MEM,W122-119 OT,40.0,26.7,12.5,0.0,3.0,8.0,0.0,2.0,4.0,2.0,9.0,4.0,15.0,1.0,8.0,0.0,0.0,home,2022-01-31,2021,2326307,SethCurry,phi
0,MEM,W122-119 OT,43.0,72.7,0.0,0.0,23.0,5.0,3.0,2.0,5.0,3.0,16.0,8.0,11.0,0.0,0.0,0.0,1.0,home,2022-01-31,2021,6585,AndreDrummond,phi
0,MEM,W122-119 OT,25.0,37.5,40.0,0.0,5.0,1.0,0.0,1.0,2.0,2.0,8.0,3.0,8.0,2.0,5.0,0.0,0.0,home,2022-01-31,2021,3988,DannyGreen,phi
0,MEM,W122-119 OT,40.0,48.0,40.0,100.0,5.0,5.0,2.0,0.0,4.0,4.0,31.0,12.0,25.0,2.0,5.0,5.0,5.0,home,2022-01-31,2021,6440,TobiasHarris,phi
0,MEM,W122-119 OT,14.0,60.0,50.0,100.0,1.0,0.0,0.0,1.0,2.0,3.0,10.0,3.0,5.0,2.0,4.0,2.0,2.0,home,2022-01-31,2021,4395702,IsaiahJoe,phi
0,MEM,W122-119 OT,43.0,56.5,25.0,85.7,3.0,8.0,4.0,1.0,0.0,3.0,33.0,13.0,23.0,1.0,4.0,6.0,7.0,home,2022-01-31,2021,4431678,TyreseMaxey,phi
0,MEM,W122-119 OT,17.0,37.5,50.0,0.0,2.0,0.0,0.0,0.0,4.0,3.0,8.0,3.0,8.0,2.0,4.0,0.0,0.0,home,2022-01-31,2021,2990969,GeorgesNiang,phi
0,MEM,W122-119 OT,33.0,100.0,100.0,0.0,3.0,3.0,1.0,1.0,0.0,0.0,5.0,2.0,2.0,1.0,1.0,0.0,0.0,home,2022-01-31,2021,3907498,MatisseThybulle,phi
0,WSH,L106-103,13.0,50.0,0.0,0.0,3.0,4.0,0.0,0.0,4.0,0.0,4.0,2.0,4.0,0.0,0.0,0.0,0.0,home,2022-02-02,2021,6585,AndreDrummond,phi
0,WSH,L106-103,35.0,40.7,0.0,62.5,14.0,6.0,1.0,1.0,3.0,0.0,27.0,11.0,27.0,0.0,3.0,5.0,8.0,home,2022-02-02,2021,3059318,JoelEmbiid,phi
0,WSH,L106-103,27.0,40.0,50.0,0.0,2.0,2.0,1.0,0.0,3.0,0.0,6.0,2.0,5.0,2.0,4.0,0.0,0.0,home,2022-02-02,2021,3988,DannyGreen,phi
0,WSH,L106-103,41.0,41.2,50.0,100.0,9.0,3.0,0.0,0.0,1.0,2.0,18.0,7.0,17.0,1.0,2.0,3.0,3.0,home,2022-02-02,2021,6440,TobiasHarris,phi
0,WSH,L106-103,25.0,57.1,60.0,0.0,1.0,1.0,0.0,0.0,0.0,0.0,11.0,4.0,7.0,3.0,5.0,0.0,0.0,home,2022-02-02,2021,4395702,IsaiahJoe,phi
0,WSH,L106-103,38.0,56.3,50.0,100.0,8.0,7.0,0.0,1.0,3.0,0.0,22.0,9.0,16.0,2.0,4.0,2.0,2.0,home,2022-02-02,2021,4431678,TyreseMaxey,phi
0,WSH,L106-103,24.0,45.5,33.3,0.0,3.0,0.0,0.0,0.0,3.0,2.0,12.0,5.0,11.0,2.0,6.0,0.0,0.0,home,2022-02-02,2021,2990969,GeorgesNiang,phi
0,WSH,L106-103,4.0,0.0,0.0,0.0,0.0,0.0,0.0,0.0,2.0,0.0,0.0,0.0,1.0,0.0,1.0,0.0,0.0,home,2022-02-02,2021,4065816,MylesPowell,phi
0,WSH,L106-103,34.0,33.3,50.0,0.0,1.0,0.0,2.0,0.0,1.0,0.0,3.0,1.0,3.0,1.0,2.0,0.0,0.0,home,2022-02-02,2021,3907498,MatisseThybulle,phi
0,DAL,L107-98,36.0,44.4,50.0,0.0,3.0,3.0,0.0,0.0,2.0,2.0,11.0,4.0,9.0,3.0,6.0,0.0,0.0,away,2022-02-04,2021,2326307,SethCurry,phi
0,DAL,L107-98,15.0,60.0,0.0,0.0,7.0,2.0,0.0,2.0,2.0,1.0,6.0,3.0,5.0,0.0,0.0,0.0,0.0,away,2022-02-04,2021,6585,AndreDrummond,phi
0,DAL,L107-98,33.0,41.2,40.0,78.6,13.0,4.0,3.0,2.0,2.0,1.0,27.0,7.0,17.0,2.0,5.0,11.0,14.0,away,2022-02-04,2021,3059318,JoelEmbiid,phi
0,DAL,L107-98,25.0,28.6,0.0,0.0,6.0,0.0,0.0,0.0,3.0,2.0,4.0,2.0,7.0,0.0,5.0,0.0,0.0,away,2022-02-04,2021,3988,DannyGreen,phi
0,DAL,L107-98,33.0,75.0,0.0,50.0,3.0,5.0,1.0,0.0,1.0,3.0,13.0,6.0,8.0,0.0,0.0,1.0,2.0,away,2022-02-04,2021,6440,TobiasHarris,phi
0,DAL,L107-98,18.0,0.0,0.0,0.0,1.0,1.0,0.0,0.0,4.0,1.0,0.0,0.0,2.0,0.0,2.0,0.0,0.0,away,2022-02-04,2021,4395702,IsaiahJoe,phi
0,DAL,L107-98,36.0,58.3,0.0,100.0,2.0,6.0,0.0,0.0,5.0,1.0,18.0,7.0,12.0,0.0,2.0,4.0,4.0,away,2022-02-04,2021,4431678,TyreseMaxey,phi
0,DAL,L107-98,17.0,83.3,75.0,0.0,0.0,1.0,0.0,0.0,1.0,2.0,13.0,5.0,6.0,3.0,4.0,0.0,0.0,away,2022-02-04,2021,2990969,GeorgesNiang,phi
0,DAL,L107-98,26.0,50.0,33.3,33.3,1.0,1.0,1.0,1.0,2.0,0.0,6.0,2.0,4.0,1.0,3.0,1.0,3.0,away,2022-02-04,2021,3907498,MatisseThybulle,phi
